,Win_Loss,FG,FGA,FG_Percent,3P,Differential,3PA,3P_Percent,FT,FTA,FT_Percent,ORB,DRB,TRB,AST,STL,BLK,TOV,PF,PTS,GmSc,Plus_Minus,Postseason,Opp_Def_Eff,Opp_TS,Opp_TO_per_POS,Opp_3PT_Made,Over/Under
0,0,9.0,15.0,0.6,7.0,-5,11.0,0.636,4.0,4.0,1.0,2.0,5.0,7.0,1.0,1.0,2.0,5.0,4.0,29.0,21.5,10.0,0,1.056,1.113,0.148,10.2,1
1,0,5.0,10.0,0.5,2.0,-10,6.0,0.333,0.0,0.0,,2.0,0.0,2.0,2.0,0.0,1.0,2.0,5.0,12.0,6.5,-11.0,0,1.014,1.062,0.141,9.3,1
2,0,2.0,7.0,0.286,1.0,-34,1.0,1.0,0.0,0.0,,0.0,3.0,3.0,0.0,0.0,1.0,0.0,4.0,5.0,0.9,-11.0,0,1.036,1.082,0.139,9.0,0
3,1,4.0,7.0,0.571,3.0,11,5.0,0.6,2.0,3.0,0.667,2.0,3.0,5.0,2.0,4.0,0.0,0.0,3.0,13.0,15.8,8.0,0,1.042,1.103,0.149,11.1,1
4,0,8.0,18.0,0.444,4.0,-1,12.0,0.333,0.0,0.0,,2.0,4.0,6.0,1.0,2.0,1.0,0.0,5.0,20.0,14.6,9.0,0,1.032,1.098,0.144,10.2,1
5,1,4.0,10.0,0.4,3.0,2,6.0,0.5,0.0,0.0,,1.0,4.0,5.0,1.0,1.0,0.0,1.0,3.0,11.0,7.0,14.0,0,1.066,1.121,0.139,10.7,0
6,1,2.0,8.0,0.25,1.0,8,4.0,0.25,0.0,0.0,,1.0,7.0,8.0,2.0,4.0,1.0,3.0,4.0,5.0,4.5,5.0,0,1.032,1.098,0.144,10.2,0
7,1,7.0,15.0,0.467,6.0,10,11.0,0.545,2.0,2.0,1.0,0.0,3.0,3.0,3.0,2.0,0.0,2.0,4.0,22.0,15.7,12.0,0,1.072,1.128,0.149,11.6,1
8,1,8.0,13.0,0.615,5.0,11,9.0,0.556,1.0,2.0,0.5,0.0,6.0,6.0,2.0,0.0,1.0,2.0,2.0,22.0,16.8,21.0,0,1.047,1.106,0.156,10.6,1
9,1,5.0,8.0,0.625,3.0,7,5.0,0.6,1.0,3.0,0.333,1.0,11.0,12.0,0.0,1.0,1.0,3.0,6.0,14.0,9.9,13.0,0,1.013,1.078,0.148,9.8,1
10,0,7.0,16.0,0.438,6.0,-1,12.0,0.5,4.0,5.0,0.8,2.0,5.0,7.0,0.0,1.0,2.0,1.0,4.0,24.0,17.9,6.0,0,1.079,1.142,0.146,11.9,1
11,0,4.0,10.0,0.4,2.0,-21,6.0,0.333,1.0,2.0,0.5,0.0,4.0,4.0,2.0,1.0,0.0,0.0,2.0,11.0,8.0,-27.0,0,1.037,1.062,0.139,10.4,0
12,1,9.0,12.0,0.75,5.0,4,8.0,0.625,8.0,8.0,1.0,1.0,5.0,6.0,4.0,4.0,0.0,2.0,3.0,31.0,32.0,10.0,0,1.068,1.106,0.138,10.7,1
13,1,5.0,9.0,0.556,2.0,6,5.0,0.4,0.0,0.0,,0.0,6.0,6.0,1.0,0.0,1.0,2.0,4.0,12.0,7.3,16.0,0,1.048,1.09,0.136,10.4,1
14,0,6.0,14.0,0.429,5.0,-8,12.0,0.417,3.0,3.0,1.0,1.0,5.0,6.0,1.0,2.0,1.0,0.0,3.0,20.0,17.0,5.0,0,1.037,1.062,0.139,10.4,1
15,1,4.0,12.0,0.333,2.0,21,7.0,0.286,3.0,3.0,1.0,1.0,3.0,4.0,2.0,4.0,1.0,3.0,4.0,13.0,9.3,16.0,0,1.013,1.078,0.148,9.8,1
16,1,3.0,11.0,0.273,2.0,20,8.0,0.25,1.0,2.0,0.5,0.0,10.0,10.0,3.0,2.0,0.0,2.0,2.0,9.0,6.4,28.0,0,1.036,1.076,0.127,9.7,0
17,1,5.0,7.0,0.714,2.0,19,4.0,0.5,2.0,3.0,0.667,0.0,8.0,8.0,2.0,1.0,0.0,1.0,2.0,14.0,13.7,3.0,0,1.069,1.109,0.14,10.0,1
18,0,1.0,11.0,0.091,0.0,-22,9.0,0.0,0.0,0.0,,0.0,4.0,4.0,4.0,1.0,0.0,3.0,2.0,2.0,-4.1,-7.0,0,1.085,1.126,0.131,11.4,0
19,1,4.0,12.0,0.333,1.0,5,5.0,0.2,0.0,0.0,,5.0,7.0,12.0,1.0,2.0,0.0,3.0,4.0,9.0,5.9,8.0,0,1.056,1.113,0.148,10.2,0
20,0,4.0,13.0,0.308,3.0,-11,10.0,0.3,0.0,0.0,,0.0,5.0,5.0,1.0,1.0,0.0,4.0,4.0,11.0,1.1,-8.0,0,1.014,1.062,0.141,9.3,0
21,1,8.0,19.0,0.421,6.0,5,13.0,0.462,3.0,3.0,1.0,2.0,6.0,8.0,3.0,2.0,2.0,2.0,3.0,25.0,20.4,8.0,0,1.042,1.103,0.149,11.1,1
22,0,3.0,13.0,0.231,2.0,-14,10.0,0.2,2.0,2.0,1.0,3.0,3.0,6.0,5.0,1.0,1.0,3.0,1.0,10.0,6.9,-10.0,0,1.093,1.129,0.129,10.9,0
23,0,7.0,12.0,0.583,4.0,-3,6.0,0.667,1.0,2.0,0.5,0.0,6.0,6.0,2.0,0.0,4.0,0.0,2.0,19.0,18.2,-2.0,0,1.048,1.09,0.136,10.4,1
24,0,7.0,10.0,0.7,5.0,-7,7.0,0.714,0.0,0.0,,0.0,6.0,6.0,2.0,4.0,0.0,2.0,0.0,19.0,20.0,10.0,0,1.085,1.126,0.131,11.4,1
25,0,,,,,-7,,,,,,,,,,,,,,,,,0,1.053,1.086,0.137,10.8,0
26,1,,,,,6,,,,,,,,,,,,,,,,,0,1.079,1.135,0.148,11.1,0
27,0,4.0,21.0,0.19,3.0,-2,15.0,0.2,0.0,0.0,,0.0,10.0,10.0,2.0,3.0,2.0,1.0,3.0,11.0,4.5,5.0,0,1.037,1.11,0.159,11.2,0
28,0,3.0,5.0,0.6,2.0,-2,4.0,0.5,2.0,2.0,1.0,0.0,7.0,7.0,1.0,4.0,1.0,3.0,3.0,10.0,11.0,-10.0,0,1.079,1.141,0.133,12.1,0
29,0,5.0,19.0,0.263,2.0,-6,13.0,0.154,5.0,5.0,1.0,0.0,3.0,3.0,2.0,1.0,2.0,4.0,3.0,17.0,5.2,2.0,0,1.079,1.142,0.146,11.9,1
30,0,6.0,16.0,0.375,5.0,-5,12.0,0.417,2.0,2.0,1.0,3.0,4.0,7.0,1.0,5.0,0.0,3.0,4.0,19.0,14.6,4.0,0,1.036,1.082,0.139,9.0,1
31,0,2.0,5.0,0.4,1.0,-16,4.0,0.25,1.0,1.0,1.0,0.0,3.0,3.0,1.0,5.0,0.0,3.0,3.0,6.0,5.7,-4.0,0,1.036,1.082,0.139,9.0,0
32,1,2.0,8.0,0.25,1.0,7,4.0,0.25,3.0,4.0,0.75,0.0,3.0,3.0,3.0,1.0,1.0,1.0,3.0,8.0,5.3,-4.0,0,1.072,1.11,0.133,11.2,0
33,0,1.0,2.0,0.5,1.0,-4,1.0,1.0,1.0,2.0,0.5,0.0,2.0,2.0,5.0,0.0,0.0,0.0,3.0,4.0,5.5,18.0,0,1.036,1.076,0.127,9.7,0
34,1,6.0,11.0,0.545,1.0,5,6.0,0.167,2.0,2.0,1.0,0.0,10.0,10.0,3.0,2.0,0.0,1.0,2.0,15.0,15.0,5.0,0,1.076,1.125,0.137,10.9,1
35,1,4.0,10.0,0.4,2.0,13,5.0,0.4,0.0,0.0,,1.0,4.0,5.0,0.0,1.0,0.0,1.0,4.0,10.0,4.9,11.0,0,1.093,1.129,0.129,10.9,0
36,1,2.0,7.0,0.286,1.0,6,4.0,0.25,2.0,2.0,1.0,0.0,7.0,7.0,3.0,1.0,0.0,1.0,4.0,7.0,5.5,-2.0,0,1.022,1.075,0.143,9.2,0
37,1,4.0,6.0,0.667,3.0,36,5.0,0.6,0.0,0.0,,0.0,5.0,5.0,0.0,1.0,0.0,1.0,2.0,11.0,9.1,20.0,0,1.042,1.103,0.149,11.1,0
38,0,2.0,8.0,0.25,1.0,-11,5.0,0.2,0.0,0.0,,1.0,2.0,3.0,1.0,0.0,0.0,4.0,2.0,5.0,-2.6,-25.0,0,1.014,1.062,0.141,9.3,0
39,1,3.0,10.0,0.3,1.0,6,5.0,0.2,4.0,4.0,1.0,1.0,7.0,8.0,2.0,1.0,0.0,2.0,3.0,11.0,7.2,14.0,0,1.036,1.082,0.139,9.0,0
40,1,1.0,5.0,0.2,1.0,9,4.0,0.25,2.0,2.0,1.0,0.0,2.0,2.0,2.0,1.0,1.0,3.0,2.0,5.0,1.8,9.0,0,1.014,1.062,0.141,9.3,0
41,1,5.0,8.0,0.625,3.0,22,6.0,0.5,0.0,0.0,,1.0,4.0,5.0,3.0,4.0,1.0,1.0,1.0,13.0,16.7,28.0,0,1.067,1.122,0.154,10.1,1
42,0,5.0,14.0,0.357,4.0,-4,11.0,0.364,4.0,5.0,0.8,1.0,5.0,6.0,3.0,0.0,1.0,3.0,2.0,18.0,11.0,-6.0,0,1.074,1.134,0.15,10.7,1
43,1,6.0,9.0,0.667,4.0,14,7.0,0.571,0.0,0.0,,0.0,4.0,4.0,5.0,1.0,2.0,2.0,4.0,16.0,15.6,-1.0,0,1.079,1.141,0.133,12.1,1
44,1,2.0,7.0,0.286,1.0,19,5.0,0.2,2.0,2.0,1.0,0.0,7.0,7.0,1.0,0.0,1.0,3.0,4.0,7.0,1.8,13.0,0,1.022,1.075,0.143,9.2,0
45,0,3.0,11.0,0.273,3.0,-10,9.0,0.333,2.0,2.0,1.0,0.0,3.0,3.0,1.0,1.0,0.0,2.0,3.0,11.0,3.9,0.0,0,1.037,1.11,0.159,11.2,0
46,0,3.0,12.0,0.25,1.0,-12,8.0,0.125,6.0,6.0,1.0,1.0,5.0,6.0,2.0,1.0,1.0,3.0,3.0,13.0,6.9,-9.0,0,1.067,1.122,0.154,10.1,1
47,0,2.0,3.0,0.667,1.0,-8,1.0,1.0,1.0,2.0,0.5,0.0,1.0,1.0,1.0,1.0,1.0,0.0,2.0,6.0,6.2,-10.0,0,1.074,1.097,0.12,9.0,0
48,1,5.0,10.0,0.5,3.0,6,7.0,0.429,0.0,0.0,,0.0,2.0,2.0,2.0,0.0,0.0,1.0,4.0,13.0,7.4,-1.0,0,1.036,1.088,0.143,9.7,1
49,0,4.0,11.0,0.364,3.0,-8,7.0,0.429,1.0,1.0,1.0,1.0,7.0,8.0,3.0,3.0,1.0,1.0,4.0,12.0,11.9,7.0,0,1.047,1.106,0.156,10.6,1
50,1,5.0,12.0,0.417,2.0,13,7.0,0.286,0.0,0.0,,1.0,4.0,5.0,1.0,1.0,0.0,5.0,1.0,12.0,3.8,18.0,0,1.056,1.113,0.148,10.2,1
51,1,4.0,9.0,0.444,0.0,18,4.0,0.0,0.0,0.0,,1.0,2.0,3.0,1.0,0.0,2.0,0.0,1.0,8.0,6.3,24.0,0,1.053,1.086,0.137,10.8,0
52,1,3.0,11.0,0.273,1.0,14,6.0,0.167,0.0,0.0,,0.0,5.0,5.0,1.0,3.0,0.0,2.0,3.0,7.0,2.5,11.0,0,1.068,1.106,0.138,10.7,0
53,1,5.0,11.0,0.455,2.0,16,4.0,0.5,1.0,2.0,0.5,1.0,4.0,5.0,2.0,1.0,2.0,2.0,2.0,13.0,9.8,8.0,0,1.072,1.11,0.133,11.2,1
54,1,2.0,13.0,0.154,1.0,2,8.0,0.125,4.0,5.0,0.8,3.0,4.0,7.0,0.0,0.0,0.0,1.0,4.0,9.0,1.0,1.0,0,1.036,1.088,0.143,9.7,0
55,1,3.0,9.0,0.333,2.0,1,7.0,0.286,0.0,0.0,,0.0,3.0,3.0,1.0,1.0,0.0,0.0,5.0,8.0,3.5,13.0,0,1.079,1.141,0.133,12.1,0
56,1,4.0,10.0,0.4,4.0,11,9.0,0.444,0.0,0.0,,0.0,5.0,5.0,4.0,0.0,0.0,3.0,2.0,12.0,7.1,4.0,0,1.069,1.109,0.14,10.0,1
57,0,2.0,7.0,0.286,1.0,-15,5.0,0.2,4.0,4.0,1.0,0.0,2.0,2.0,1.0,2.0,0.0,0.0,1.0,9.0,7.8,-13.0,0,1.056,1.113,0.148,10.2,0
58,0,2.0,10.0,0.2,1.0,-1,4.0,0.25,0.0,0.0,,0.0,5.0,5.0,2.0,3.0,0.0,1.0,2.0,5.0,2.9,1.0,0,1.036,1.088,0.143,9.7,0
59,1,4.0,11.0,0.364,2.0,11,8.0,0.25,0.0,0.0,,0.0,10.0,10.0,1.0,1.0,1.0,1.0,3.0,10.0,7.1,9.0,0,1.085,1.126,0.131,11.4,0
60,1,5.0,10.0,0.5,2.0,11,4.0,0.5,4.0,4.0,1.0,1.0,4.0,5.0,2.0,3.0,0.0,1.0,3.0,16.0,15.1,19.0,0,,,,,1
61,0,3.0,7.0,0.429,3.0,-8,7.0,0.429,0.0,0.0,,0.0,2.0,2.0,1.0,2.0,2.0,2.0,4.0,9.0,6.4,-10.0,0,1.067,1.122,0.154,10.1,0
62,1,7.0,11.0,0.636,5.0,14,9.0,0.556,3.0,3.0,1.0,2.0,2.0,4.0,2.0,2.0,2.0,1.0,2.0,22.0,22.1,2.0,0,,,,,1
63,0,0.0,10.0,0.0,0.0,-9,5.0,0.0,3.0,4.0,0.75,1.0,6.0,7.0,3.0,4.0,1.0,0.0,2.0,3.0,4.1,-18.0,0,1.036,1.088,0.143,9.7,0
64,1,6.0,10.0,0.6,3.0,23,7.0,0.429,4.0,6.0,0.667,0.0,5.0,5.0,4.0,1.0,2.0,0.0,2.0,19.0,19.5,13.0,0,1.074,1.097,0.12,9.0,1
65,0,4.0,9.0,0.444,2.0,-3,7.0,0.286,0.0,1.0,0.0,1.0,9.0,10.0,2.0,0.0,3.0,1.0,5.0,10.0,8.8,15.0,0,1.047,1.106,0.156,10.6,0
66,1,5.0,8.0,0.625,5.0,8,7.0,0.714,0.0,0.0,,1.0,4.0,5.0,3.0,1.0,1.0,0.0,3.0,15.0,15.9,11.0,0,1.072,1.11,0.133,11.2,1
67,1,4.0,5.0,0.8,2.0,4,3.0,0.667,0.0,0.0,,0.0,1.0,1.0,2.0,0.0,0.0,0.0,4.0,10.0,8.2,5.0,0,1.074,1.097,0.12,9.0,0
68,1,6.0,12.0,0.5,4.0,14,9.0,0.444,2.0,2.0,1.0,2.0,3.0,5.0,2.0,0.0,1.0,0.0,5.0,18.0,14.4,28.0,0,,,,,1
69,1,6.0,9.0,0.667,3.0,14,4.0,0.75,0.0,0.0,,0.0,2.0,2.0,1.0,1.0,0.0,0.0,3.0,15.0,12.2,20.0,0,1.074,1.134,0.15,10.7,1
70,1,5.0,12.0,0.417,3.0,20,7.0,0.429,2.0,2.0,1.0,0.0,3.0,3.0,2.0,1.0,1.0,1.0,1.0,15.0,11.2,21.0,0,1.069,1.109,0.14,10.0,1
71,1,4.0,10.0,0.4,3.0,12,9.0,0.333,0.0,0.0,,0.0,6.0,6.0,2.0,4.0,2.0,2.0,2.0,11.0,11.4,23.0,0,1.079,1.135,0.148,11.1,0
72,1,6.0,11.0,0.545,4.0,19,8.0,0.5,2.0,2.0,1.0,0.0,6.0,6.0,2.0,1.0,1.0,2.0,4.0,18.0,14.0,23.0,0,1.076,1.125,0.137,10.9,1
73,1,7.0,16.0,0.438,2.0,17,8.0,0.25,1.0,1.0,1.0,1.0,3.0,4.0,1.0,3.0,1.0,1.0,4.0,17.0,12.0,10.0,0,1.072,1.11,0.133,11.2,1
74,1,4.0,11.0,0.364,2.0,10,9.0,0.222,0.0,0.0,,0.0,0.0,0.0,3.0,1.0,1.0,2.0,3.0,10.0,4.5,19.0,0,1.072,1.128,0.149,11.6,0
75,1,7.0,21.0,0.333,1.0,17,9.0,0.111,2.0,2.0,1.0,2.0,9.0,11.0,3.0,7.0,0.0,1.0,5.0,17.0,15.3,9.0,0,,,,,1
76,1,4.0,11.0,0.364,4.0,26,8.0,0.5,0.0,0.0,,0.0,6.0,6.0,2.0,4.0,3.0,1.0,3.0,12.0,13.0,22.0,0,1.074,1.097,0.12,9.0,1
77,1,4.0,11.0,0.364,2.0,7,7.0,0.286,2.0,2.0,1.0,0.0,4.0,4.0,2.0,3.0,2.0,1.0,2.0,12.0,11.1,-5.0,0,1.042,1.103,0.149,11.1,1
78,1,4.0,8.0,0.5,2.0,2,6.0,0.333,1.0,1.0,1.0,1.0,3.0,4.0,0.0,3.0,3.0,0.0,5.0,11.0,11.7,4.0,0,1.085,1.126,0.131,11.4,0
79,1,5.0,9.0,0.556,3.0,12,6.0,0.5,2.0,2.0,1.0,0.0,10.0,10.0,3.0,2.0,2.0,1.0,1.0,15.0,17.8,23.0,0,1.066,1.121,0.139,10.7,1
80,1,2.0,7.0,0.286,1.0,8,5.0,0.2,1.0,2.0,0.5,1.0,7.0,8.0,4.0,1.0,3.0,3.0,0.0,6.0,7.2,7.0,0,1.072,1.128,0.149,11.6,0
81,1,2.0,5.0,0.4,1.0,35,4.0,0.25,0.0,0.0,,0.0,3.0,3.0,2.0,3.0,1.0,1.0,3.0,5.0,6.1,17.0,0,1.067,1.122,0.154,10.1,0
82,1,3.0,8.0,0.375,2.0,27,4.0,0.5,1.0,2.0,0.5,1.0,6.0,7.0,4.0,0.0,3.0,0.0,5.0,9.0,9.6,19.0,1,1.036,1.088,0.143,9.7,0
83,0,3.0,14.0,0.214,1.0,-10,9.0,0.111,0.0,0.0,,3.0,6.0,9.0,4.0,0.0,1.0,2.0,0.0,7.0,3.8,-12.0,1,1.036,1.088,0.143,9.7,0
84,1,3.0,5.0,0.6,2.0,20,2.0,1.0,3.0,5.0,0.6,0.0,1.0,1.0,4.0,3.0,1.0,2.0,4.0,11.0,11.1,12.0,1,1.036,1.088,0.143,9.7,0
85,1,3.0,5.0,0.6,2.0,4,3.0,0.667,2.0,2.0,1.0,0.0,6.0,6.0,2.0,1.0,0.0,2.0,5.0,10.0,7.9,2.0,1,1.036,1.088,0.143,9.7,0
86,1,4.0,10.0,0.4,2.0,13,6.0,0.333,0.0,0.0,,1.0,4.0,5.0,3.0,0.0,0.0,1.0,2.0,10.0,6.8,3.0,1,1.036,1.088,0.143,9.7,0
87,0,0.0,6.0,0.0,0.0,-16,4.0,0.0,3.0,3.0,1.0,0.0,2.0,2.0,1.0,2.0,1.0,0.0,1.0,3.0,2.4,-13.0,1,1.014,1.062,0.141,9.3,0
88,0,8.0,15.0,0.533,4.0,-5,7.0,0.571,2.0,2.0,1.0,4.0,5.0,9.0,2.0,2.0,2.0,0.0,5.0,22.0,21.8,4.0,1,1.014,1.062,0.141,9.3,1
89,0,0.0,8.0,0.0,0.0,-3,5.0,0.0,1.0,2.0,0.5,1.0,1.0,2.0,1.0,1.0,0.0,1.0,1.0,1.0,-3.7,-12.0,1,1.014,1.062,0.141,9.3,0
90,1,1.0,7.0,0.143,1.0,11,5.0,0.2,0.0,0.0,,2.0,3.0,5.0,3.0,1.0,1.0,1.0,4.0,3.0,2.0,-3.0,1,1.014,1.062,0.141,9.3,0
91,0,2.0,5.0,0.4,1.0,-2,3.0,0.333,0.0,0.0,,0.0,7.0,7.0,1.0,1.0,0.0,2.0,3.0,5.0,2.9,-7.0,1,1.014,1.062,0.141,9.3,0
92,0,3.0,10.0,0.3,2.0,-18,7.0,0.286,0.0,0.0,,1.0,5.0,6.0,0.0,2.0,1.0,2.0,1.0,8.0,4.7,-9.0,0,1.042,1.087,0.144,11.6,0
93,1,6.0,14.0,0.429,4.0,19,11.0,0.364,4.0,4.0,1.0,0.0,5.0,5.0,2.0,2.0,1.0,2.0,2.0,20.0,15.4,24.0,0,1.101,1.137,0.129,12.1,1
94,1,4.0,7.0,0.571,3.0,1,5.0,0.6,1.0,1.0,1.0,0.0,4.0,4.0,1.0,2.0,1.0,2.0,3.0,12.0,10.1,-1.0,0,1.052,1.096,0.128,10.6,1
95,0,6.0,11.0,0.545,3.0,-1,4.0,0.75,1.0,2.0,0.5,2.0,6.0,8.0,2.0,1.0,1.0,1.0,5.0,16.0,13.6,-1.0,0,1.063,1.12,0.139,9.7,1
96,0,3.0,10.0,0.3,1.0,-15,5.0,0.2,1.0,2.0,0.5,0.0,2.0,2.0,1.0,0.0,2.0,3.0,3.0,8.0,0.3,-26.0,0,1.019,1.053,0.124,13.0,0
97,1,6.0,11.0,0.545,4.0,2,7.0,0.571,2.0,5.0,0.4,1.0,9.0,10.0,0.0,2.0,4.0,1.0,4.0,18.0,17.1,7.0,0,,,,,1
98,1,4.0,12.0,0.333,3.0,21,9.0,0.333,0.0,0.0,,1.0,5.0,6.0,1.0,3.0,2.0,3.0,2.0,11.0,7.7,21.0,0,1.102,1.149,0.139,12.4,0
99,0,4.0,10.0,0.4,4.0,-17,8.0,0.5,3.0,3.0,1.0,1.0,3.0,4.0,1.0,4.0,2.0,0.0,5.0,15.0,15.3,-17.0,0,1.033,1.077,0.145,10.8,1
100,1,4.0,5.0,0.8,2.0,9,2.0,1.0,0.0,0.0,,0.0,7.0,7.0,2.0,4.0,3.0,1.0,4.0,10.0,15.1,6.0,0,1.086,1.109,0.125,10.5,0
101,1,2.0,5.0,0.4,1.0,10,3.0,0.333,0.0,0.0,,0.0,3.0,3.0,1.0,1.0,0.0,1.0,5.0,5.0,1.9,12.0,0,1.063,1.12,0.139,9.7,0
102,0,1.0,5.0,0.2,0.0,-25,3.0,0.0,2.0,3.0,0.667,0.0,5.0,5.0,1.0,1.0,0.0,5.0,3.0,4.0,-2.5,-5.0,0,1.065,1.091,0.129,10.3,0
103,1,5.0,9.0,0.556,2.0,6,6.0,0.333,1.0,1.0,1.0,0.0,4.0,4.0,1.0,2.0,2.0,1.0,3.0,13.0,11.8,18.0,0,1.032,1.09,0.155,11.4,1
104,1,2.0,8.0,0.25,1.0,1,7.0,0.143,2.0,2.0,1.0,1.0,2.0,3.0,1.0,0.0,4.0,0.0,5.0,7.0,5.0,-9.0,0,,,,,0
105,0,,,,,-6,,,,,,,,,,,,,,,,,0,1.055,1.116,0.151,11.6,0
106,1,,,,,7,,,,,,,,,,,,,,,,,0,1.065,1.091,0.129,10.3,0
107,1,4.0,11.0,0.364,3.0,7,7.0,0.429,2.0,2.0,1.0,0.0,7.0,7.0,2.0,2.0,1.0,1.0,2.0,13.0,11.3,4.0,0,1.093,1.123,0.127,12.3,1
108,1,5.0,7.0,0.714,4.0,16,6.0,0.667,0.0,0.0,,1.0,4.0,5.0,0.0,3.0,0.0,1.0,5.0,14.0,13.0,4.0,0,1.071,1.094,0.121,10.6,1
109,0,5.0,11.0,0.455,4.0,-13,8.0,0.5,1.0,2.0,0.5,0.0,2.0,2.0,2.0,4.0,1.0,0.0,2.0,15.0,14.8,-16.0,0,1.055,1.116,0.151,11.6,1
110,0,6.0,12.0,0.5,4.0,-2,9.0,0.444,0.0,1.0,0.0,0.0,4.0,4.0,0.0,2.0,0.0,1.0,1.0,16.0,11.4,8.0,0,1.059,1.095,0.129,10.5,1
111,1,3.0,8.0,0.375,1.0,10,4.0,0.25,0.0,0.0,,1.0,5.0,6.0,2.0,5.0,0.0,0.0,4.0,7.0,9.6,13.0,0,1.065,1.091,0.129,10.3,0
112,1,1.0,18.0,0.056,0.0,15,10.0,0.0,2.0,2.0,1.0,1.0,5.0,6.0,1.0,3.0,3.0,1.0,6.0,4.0,-3.6,11.0,0,1.101,1.137,0.129,12.1,0
113,1,8.0,12.0,0.667,4.0,7,7.0,0.571,4.0,5.0,0.8,0.0,7.0,7.0,1.0,2.0,2.0,0.0,4.0,24.0,23.0,8.0,0,1.141,1.177,0.125,12.0,1
114,1,8.0,15.0,0.533,4.0,39,9.0,0.444,1.0,2.0,0.5,2.0,7.0,9.0,1.0,1.0,2.0,0.0,3.0,21.0,18.7,44.0,0,1.083,1.106,0.118,11.6,1
115,0,4.0,11.0,0.364,2.0,-9,7.0,0.286,7.0,7.0,1.0,1.0,9.0,10.0,0.0,4.0,0.0,2.0,4.0,17.0,14.7,-4.0,0,1.042,1.087,0.144,11.6,1
116,1,4.0,7.0,0.571,2.0,12,4.0,0.5,3.0,4.0,0.75,0.0,6.0,6.0,3.0,2.0,2.0,3.0,0.0,13.0,13.6,-3.0,0,1.066,1.109,0.147,10.2,1
117,1,6.0,9.0,0.667,1.0,17,3.0,0.333,4.0,4.0,1.0,0.0,6.0,6.0,1.0,2.0,1.0,2.0,4.0,17.0,14.7,3.0,0,,,,,1
118,0,,,,,-8,,,,,,,,,,,,,,,,,0,1.071,1.094,0.121,10.6,0
119,0,2.0,7.0,0.286,1.0,-8,5.0,0.2,2.0,2.0,1.0,0.0,4.0,4.0,0.0,1.0,1.0,3.0,3.0,7.0,1.6,-11.0,0,1.066,1.092,0.132,12.0,0
120,0,6.0,13.0,0.462,1.0,-11,2.0,0.5,4.0,5.0,0.8,3.0,3.0,6.0,0.0,0.0,0.0,1.0,4.0,17.0,10.3,-14.0,0,1.082,1.129,0.149,12.0,1
121,0,1.0,8.0,0.125,1.0,-8,7.0,0.143,1.0,2.0,0.5,1.0,2.0,3.0,1.0,2.0,1.0,1.0,4.0,4.0,0.5,-8.0,0,1.114,1.154,0.149,11.1,0
122,1,4.0,9.0,0.444,2.0,27,6.0,0.333,3.0,3.0,1.0,0.0,5.0,5.0,2.0,2.0,1.0,1.0,4.0,13.0,11.3,16.0,0,1.082,1.129,0.149,12.0,1
123,0,7.0,15.0,0.467,5.0,-6,11.0,0.455,3.0,5.0,0.6,0.0,6.0,6.0,2.0,1.0,1.0,1.0,5.0,22.0,15.4,-20.0,0,1.063,1.12,0.139,9.7,1
124,0,5.0,9.0,0.556,2.0,-26,4.0,0.5,1.0,2.0,0.5,2.0,5.0,7.0,1.0,6.0,1.0,1.0,4.0,13.0,16.0,-24.0,0,1.083,1.106,0.118,11.6,1
125,1,4.0,8.0,0.5,3.0,2,5.0,0.6,2.0,3.0,0.667,0.0,5.0,5.0,3.0,2.0,0.0,0.0,3.0,13.0,13.0,13.0,0,1.039,1.11,0.155,11.3,1
126,1,3.0,13.0,0.231,1.0,25,8.0,0.125,1.0,2.0,0.5,3.0,6.0,9.0,3.0,0.0,1.0,1.0,4.0,8.0,3.8,23.0,0,1.101,1.137,0.129,12.1,0
127,0,10.0,20.0,0.5,5.0,-3,13.0,0.385,3.0,5.0,0.6,4.0,3.0,7.0,4.0,1.0,3.0,3.0,6.0,28.0,21.4,3.0,0,1.102,1.149,0.139,12.4,1
128,1,4.0,9.0,0.444,1.0,9,5.0,0.2,7.0,7.0,1.0,1.0,3.0,4.0,0.0,1.0,2.0,0.0,5.0,16.0,13.3,-6.0,0,1.042,1.086,0.139,11.9,1
129,0,6.0,13.0,0.462,4.0,-9,8.0,0.5,0.0,1.0,0.0,1.0,1.0,2.0,3.0,4.0,1.0,2.0,4.0,16.0,13.1,1.0,0,1.093,1.123,0.127,12.3,1
130,0,,,,,-13,,,,,,,,,,,,,,,,,0,1.042,1.087,0.144,11.6,0
131,1,,,,,17,,,,,,,,,,,,,,,,,0,1.052,1.096,0.128,10.6,0
132,1,,,,,22,,,,,,,,,,,,,,,,,0,1.063,1.096,0.133,11.8,0
133,1,,,,,2,,,,,,,,,,,,,,,,,0,1.039,1.11,0.155,11.3,0
134,0,,,,,-4,,,,,,,,,,,,,,,,,0,1.072,1.105,0.126,11.2,0
135,1,,,,,4,,,,,,,,,,,,,,,,,0,1.093,1.123,0.127,12.3,0
136,0,,,,,-42,,,,,,,,,,,,,,,,,0,1.061,1.087,0.121,10.3,0
137,0,,,,,-3,,,,,,,,,,,,,,,,,0,1.083,1.106,0.118,11.6,0
138,1,,,,,2,,,,,,,,,,,,,,,,,0,1.114,1.154,0.149,11.1,0
139,1,,,,,27,,,,,,,,,,,,,,,,,0,1.114,1.154,0.149,11.1,0
140,1,,,,,15,,,,,,,,,,,,,,,,,0,1.063,1.096,0.133,11.8,0
141,0,,,,,-4,,,,,,,,,,,,,,,,,0,1.027,1.078,0.134,10.1,0
142,0,,,,,-14,,,,,,,,,,,,,,,,,0,1.027,1.078,0.134,10.1,0
143,1,,,,,2,,,,,,,,,,,,,,,,,0,1.055,1.116,0.151,11.6,0
144,0,,,,,-1,,,,,,,,,,,,,,,,,0,1.059,1.095,0.129,10.5,0
145,0,,,,,-2,,,,,,,,,,,,,,,,,0,1.055,1.116,0.151,11.6,0
146,0,,,,,-10,,,,,,,,,,,,,,,,,0,1.052,1.096,0.128,10.6,0
147,0,,,,,-5,,,,,,,,,,,,,,,,,0,1.093,1.123,0.127,12.3,0
148,1,,,,,10,,,,,,,,,,,,,,,,,0,1.086,1.109,0.125,10.5,0
149,1,,,,,10,,,,,,,,,,,,,,,,,0,1.066,1.109,0.147,10.2,0
150,1,,,,,11,,,,,,,,,,,,,,,,,0,1.101,1.127,0.128,11.8,0
151,0,,,,,-12,,,,,,,,,,,,,,,,,0,1.019,1.053,0.124,13.0,0
152,1,,,,,7,,,,,,,,,,,,,,,,,0,1.082,1.129,0.149,12.0,0
153,0,,,,,-8,,,,,,,,,,,,,,,,,0,1.102,1.149,0.139,12.4,0
154,0,,,,,-7,,,,,,,,,,,,,,,,,0,1.032,1.09,0.155,11.4,0
155,0,,,,,-14,,,,,,,,,,,,,,,,,0,1.105,1.152,0.149,12.1,0
156,1,,,,,11,,,,,,,,,,,,,,,,,0,1.039,1.11,0.155,11.3,0
157,0,,,,,-17,,,,,,,,,,,,,,,,,0,1.063,1.12,0.139,9.7,0
158,1,,,,,5,,,,,,,,,,,,,,,,,0,1.105,1.152,0.149,12.1,0
159,1,,,,,11,,,,,,,,,,,,,,,,,0,1.101,1.127,0.128,11.8,0
160,0,,,,,-26,,,,,,,,,,,,,,,,,0,1.059,1.095,0.129,10.5,0
161,0,,,,,-20,,,,,,,,,,,,,,,,,0,1.027,1.078,0.134,10.1,0
162,0,,,,,-15,,,,,,,,,,,,,,,,,0,1.066,1.109,0.147,10.2,0
163,0,,,,,-10,,,,,,,,,,,,,,,,,0,1.066,1.092,0.132,12.0,0
164,0,,,,,-7,,,,,,,,,,,,,,,,,0,,,,,0
165,1,,,,,13,,,,,,,,,,,,,,,,,0,1.055,1.116,0.151,11.6,0
166,0,,,,,-11,,,,,,,,,,,,,,,,,0,1.086,1.109,0.125,10.5,0
167,1,,,,,1,,,,,,,,,,,,,,,,,0,1.066,1.092,0.132,12.0,0
168,0,,,,,-9,,,,,,,,,,,,,,,,,0,1.061,1.087,0.121,10.3,0
169,0,,,,,-10,,,,,,,,,,,,,,,,,0,1.071,1.094,0.121,10.6,0
170,1,,,,,2,,,,,,,,,,,,,,,,,0,1.072,1.105,0.126,11.2,0
171,1,,,,,2,,,,,,,,,,,,,,,,,0,1.042,1.086,0.139,11.9,0
172,0,,,,,-6,,,,,,,,,,,,,,,,,0,1.039,1.11,0.155,11.3,0
173,0,,,,,-20,,,,,,,,,,,,,,,,,0,1.033,1.077,0.145,10.8,0
174,0,,,,,-4,,,,,,,,,,,,,,,,,0,1.059,1.095,0.129,10.5,0
175,1,6.0,11.0,0.545,3.0,1,6.0,0.5,0.0,0.0,,2.0,7.0,9.0,0.0,0.0,0.0,2.0,4.0,15.0,9.6,-11.0,0,1.085,1.092,0.12,12.5,1
176,1,4.0,10.0,0.4,0.0,22,4.0,0.0,0.0,0.0,,1.0,3.0,4.0,1.0,1.0,0.0,0.0,3.0,8.0,4.7,4.0,0,,,,,0
177,1,3.0,10.0,0.3,2.0,7,8.0,0.25,3.0,4.0,0.75,3.0,7.0,10.0,3.0,2.0,0.0,3.0,3.0,11.0,8.9,6.0,0,1.066,1.118,0.137,12.9,0
178,0,2.0,7.0,0.286,1.0,-22,4.0,0.25,2.0,2.0,1.0,1.0,2.0,3.0,0.0,1.0,2.0,2.0,3.0,7.0,3.4,-23.0,0,1.06,1.112,0.133,10.5,0
179,1,7.0,10.0,0.7,3.0,22,5.0,0.6,3.0,3.0,1.0,0.0,4.0,4.0,1.0,0.0,2.0,0.0,2.0,20.0,18.3,19.0,0,1.118,1.181,0.152,12.4,1
180,0,5.0,9.0,0.556,3.0,-28,6.0,0.5,2.0,2.0,1.0,0.0,4.0,4.0,2.0,1.0,0.0,2.0,3.0,15.0,11.1,-20.0,0,1.007,1.054,0.132,14.1,1
181,0,5.0,11.0,0.455,3.0,-16,8.0,0.375,0.0,0.0,,1.0,1.0,2.0,0.0,2.0,2.0,1.0,2.0,13.0,9.9,5.0,0,1.07,1.114,0.139,12.9,1
182,1,5.0,15.0,0.333,2.0,6,10.0,0.2,5.0,5.0,1.0,2.0,9.0,11.0,0.0,5.0,3.0,1.0,2.0,17.0,17.9,12.0,0,1.103,1.162,0.15,13.5,1
183,0,2.0,7.0,0.286,0.0,-2,2.0,0.0,0.0,0.0,,1.0,5.0,6.0,0.0,2.0,2.0,3.0,4.0,4.0,0.9,-2.0,0,1.066,1.133,0.14,12.1,0
184,1,2.0,8.0,0.25,2.0,6,7.0,0.286,4.0,4.0,1.0,0.0,4.0,4.0,2.0,1.0,1.0,4.0,3.0,10.0,4.3,5.0,0,1.092,1.139,0.138,10.7,0
185,1,3.0,6.0,0.5,2.0,15,4.0,0.5,2.0,2.0,1.0,0.0,5.0,5.0,0.0,1.0,0.0,1.0,3.0,10.0,7.3,0.0,0,1.103,1.142,0.126,13.1,0
186,0,6.0,9.0,0.667,4.0,-21,6.0,0.667,4.0,5.0,0.8,0.0,6.0,6.0,1.0,1.0,0.0,0.0,3.0,20.0,18.0,-10.0,0,1.118,1.181,0.152,12.4,1
187,0,7.0,13.0,0.538,2.0,-20,7.0,0.286,1.0,1.0,1.0,0.0,6.0,6.0,3.0,1.0,0.0,1.0,3.0,17.0,13.4,11.0,0,1.063,1.119,0.152,12.2,1
188,1,5.0,10.0,0.5,2.0,10,5.0,0.4,3.0,3.0,1.0,0.0,8.0,8.0,1.0,2.0,1.0,4.0,4.0,15.0,10.2,1.0,0,1.073,1.102,0.121,11.3,1
189,0,4.0,5.0,0.8,1.0,-8,2.0,0.5,2.0,5.0,0.4,0.0,3.0,3.0,0.0,2.0,3.0,0.0,0.0,11.0,12.9,-3.0,0,1.073,1.102,0.121,11.3,0
190,0,,,,,-2,,,,,,,,,,,,,,,,,0,1.081,1.145,0.149,11.6,0
191,1,1.0,8.0,0.125,1.0,12,5.0,0.2,2.0,2.0,1.0,2.0,3.0,5.0,4.0,2.0,0.0,3.0,4.0,5.0,2.3,5.0,0,1.111,1.154,0.139,11.9,0
192,1,2.0,7.0,0.286,1.0,12,4.0,0.25,2.0,2.0,1.0,0.0,4.0,4.0,2.0,0.0,1.0,0.0,1.0,7.0,5.8,10.0,0,1.103,1.142,0.126,13.1,0
193,0,4.0,9.0,0.444,3.0,-8,6.0,0.5,2.0,2.0,1.0,0.0,3.0,3.0,1.0,1.0,1.0,2.0,4.0,13.0,8.0,0.0,0,1.07,1.114,0.139,12.9,1
194,0,8.0,13.0,0.615,6.0,-7,10.0,0.6,0.0,0.0,,1.0,5.0,6.0,1.0,1.0,0.0,0.0,5.0,22.0,18.0,8.0,0,1.091,1.113,0.115,12.4,1
195,0,6.0,11.0,0.545,1.0,-12,5.0,0.2,2.0,2.0,1.0,2.0,5.0,7.0,2.0,0.0,0.0,2.0,5.0,15.0,10.0,-2.0,0,1.056,1.098,0.137,11.9,1
196,0,4.0,8.0,0.5,3.0,-17,4.0,0.75,5.0,5.0,1.0,0.0,3.0,3.0,0.0,3.0,1.0,2.0,3.0,16.0,13.4,-15.0,0,1.036,1.106,0.151,11.7,1
197,0,1.0,5.0,0.2,0.0,-16,4.0,0.0,2.0,2.0,1.0,0.0,2.0,2.0,0.0,0.0,0.0,1.0,2.0,4.0,-0.3,-14.0,0,1.081,1.145,0.149,11.6,0
198,0,5.0,13.0,0.385,3.0,-11,10.0,0.3,1.0,2.0,0.5,1.0,6.0,7.0,2.0,2.0,0.0,2.0,5.0,14.0,8.4,-16.0,0,1.073,1.102,0.121,11.3,1
199,0,4.0,11.0,0.364,2.0,-7,8.0,0.25,0.0,0.0,,0.0,5.0,5.0,0.0,3.0,1.0,2.0,4.0,10.0,5.5,-8.0,0,1.048,1.088,0.134,12.3,0
200,0,5.0,17.0,0.294,3.0,-8,11.0,0.273,2.0,3.0,0.667,2.0,5.0,7.0,2.0,3.0,1.0,1.0,2.0,15.0,10.9,5.0,0,1.084,1.131,0.134,12.2,1
201,0,5.0,9.0,0.556,0.0,-9,4.0,0.0,0.0,0.0,,0.0,6.0,6.0,1.0,2.0,0.0,1.0,4.0,10.0,7.6,-1.0,0,1.066,1.133,0.14,12.1,0
202,0,1.0,6.0,0.167,1.0,-7,5.0,0.2,0.0,0.0,,0.0,5.0,5.0,0.0,1.0,1.0,3.0,2.0,3.0,-1.4,1.0,0,1.112,1.126,0.125,13.5,0
203,0,1.0,3.0,0.333,0.0,-9,2.0,0.0,2.0,2.0,1.0,0.0,4.0,4.0,0.0,0.0,2.0,1.0,2.0,4.0,3.1,-14.0,0,1.103,1.162,0.15,13.5,0
204,1,8.0,19.0,0.421,2.0,1,8.0,0.25,1.0,2.0,0.5,0.0,8.0,8.0,1.0,0.0,2.0,1.0,4.0,19.0,10.4,12.0,0,1.088,1.155,0.148,12.4,1
205,0,5.0,13.0,0.385,3.0,-6,9.0,0.333,1.0,2.0,0.5,2.0,5.0,7.0,3.0,4.0,1.0,2.0,5.0,14.0,12.2,-4.0,0,1.121,1.165,0.127,12.4,1
206,1,4.0,8.0,0.5,3.0,7,6.0,0.5,3.0,5.0,0.6,1.0,6.0,7.0,0.0,1.0,2.0,2.0,5.0,14.0,10.1,12.0,0,1.085,1.092,0.12,12.5,1
207,0,2.0,4.0,0.5,1.0,-2,2.0,0.5,2.0,2.0,1.0,0.0,11.0,11.0,3.0,3.0,1.0,1.0,3.0,7.0,11.9,1.0,0,1.007,1.054,0.132,14.1,0
208,1,8.0,15.0,0.533,4.0,15,11.0,0.364,0.0,0.0,,2.0,8.0,10.0,2.0,2.0,2.0,0.0,0.0,20.0,21.3,16.0,0,1.103,1.162,0.15,13.5,1
209,1,5.0,13.0,0.385,4.0,15,10.0,0.4,1.0,2.0,0.5,0.0,4.0,4.0,2.0,4.0,0.0,1.0,2.0,15.0,12.3,29.0,0,1.121,1.165,0.127,12.4,1
210,0,6.0,10.0,0.6,4.0,-7,7.0,0.571,1.0,1.0,1.0,1.0,5.0,6.0,2.0,1.0,0.0,3.0,2.0,17.0,13.2,-13.0,0,1.07,1.114,0.139,12.9,1
211,1,6.0,12.0,0.5,2.0,14,6.0,0.333,1.0,2.0,0.5,0.0,4.0,4.0,0.0,2.0,2.0,0.0,2.0,15.0,12.4,20.0,0,1.112,1.126,0.125,13.5,1
212,0,4.0,10.0,0.4,1.0,-30,4.0,0.25,2.0,5.0,0.4,2.0,5.0,7.0,2.0,6.0,2.0,0.0,1.0,11.0,15.7,-23.0,0,1.063,1.119,0.152,12.2,0
213,0,6.0,13.0,0.462,4.0,-13,9.0,0.444,2.0,2.0,1.0,1.0,3.0,4.0,2.0,3.0,1.0,2.0,3.0,18.0,14.8,-17.0,0,1.056,1.098,0.137,11.9,1
214,0,5.0,12.0,0.417,4.0,-5,8.0,0.5,0.0,1.0,0.0,0.0,7.0,7.0,0.0,2.0,1.0,3.0,2.0,14.0,8.2,-6.0,0,1.052,1.093,0.143,11.5,1
215,0,3.0,11.0,0.273,3.0,-2,8.0,0.375,0.0,0.0,,0.0,10.0,10.0,2.0,1.0,0.0,1.0,4.0,9.0,5.3,9.0,0,1.052,1.093,0.143,11.5,0
216,0,8.0,20.0,0.4,4.0,-10,13.0,0.308,2.0,2.0,1.0,1.0,7.0,8.0,1.0,2.0,0.0,1.0,3.0,22.0,14.5,-5.0,0,1.016,1.074,0.159,13.2,1
217,0,4.0,10.0,0.4,1.0,-7,7.0,0.143,0.0,0.0,,2.0,4.0,6.0,1.0,1.0,0.0,0.0,2.0,9.0,7.1,-6.0,0,1.066,1.133,0.14,12.1,0
218,0,4.0,9.0,0.444,1.0,-7,5.0,0.2,0.0,0.0,,1.0,6.0,7.0,1.0,0.0,1.0,3.0,3.0,9.0,4.0,3.0,0,1.065,1.159,0.177,11.2,0
219,0,4.0,13.0,0.308,2.0,-7,8.0,0.25,0.0,0.0,,1.0,6.0,7.0,1.0,0.0,2.0,0.0,4.0,10.0,5.5,-8.0,0,1.063,1.119,0.152,12.2,0
220,0,4.0,9.0,0.444,1.0,-9,6.0,0.167,1.0,1.0,1.0,0.0,5.0,5.0,2.0,2.0,1.0,2.0,5.0,10.0,6.9,-1.0,0,1.056,1.098,0.137,11.9,0
221,0,8.0,12.0,0.667,6.0,-4,10.0,0.6,2.0,3.0,0.667,0.0,7.0,7.0,0.0,0.0,0.0,4.0,6.0,24.0,14.1,16.0,0,1.088,1.155,0.148,12.4,1
222,0,3.0,7.0,0.429,1.0,-12,4.0,0.25,5.0,6.0,0.833,0.0,5.0,5.0,0.0,3.0,2.0,2.0,4.0,12.0,10.2,-10.0,0,1.048,1.088,0.134,12.3,1
223,0,6.0,15.0,0.4,3.0,-4,9.0,0.333,0.0,0.0,,3.0,5.0,8.0,2.0,3.0,1.0,1.0,3.0,15.0,13.4,-20.0,0,1.088,1.155,0.148,12.4,1
224,0,,,,,-7,,,,,,,,,,,,,,,,,0,1.111,1.154,0.139,11.9,0
225,1,5.0,9.0,0.556,4.0,10,7.0,0.571,0.0,0.0,,2.0,6.0,8.0,4.0,2.0,2.0,3.0,4.0,14.0,14.5,16.0,0,1.036,1.106,0.151,11.7,1
226,0,4.0,10.0,0.4,1.0,-36,7.0,0.143,0.0,0.0,,2.0,3.0,5.0,0.0,0.0,0.0,0.0,3.0,9.0,4.7,-8.0,0,1.081,1.145,0.149,11.6,0
227,0,5.0,12.0,0.417,4.0,-1,10.0,0.4,0.0,0.0,,2.0,3.0,5.0,0.0,2.0,1.0,1.0,4.0,14.0,10.0,4.0,0,1.073,1.102,0.121,11.3,1
228,1,3.0,11.0,0.273,2.0,11,8.0,0.25,4.0,5.0,0.8,0.0,7.0,7.0,3.0,3.0,4.0,2.0,5.0,12.0,11.1,15.0,0,1.034,1.084,0.143,11.7,1
229,1,7.0,13.0,0.538,5.0,30,10.0,0.5,1.0,1.0,1.0,1.0,4.0,5.0,1.0,0.0,4.0,0.0,1.0,20.0,18.7,31.0,0,1.103,1.162,0.15,13.5,1
230,1,3.0,14.0,0.214,2.0,10,12.0,0.167,0.0,0.0,,1.0,11.0,12.0,2.0,0.0,3.0,0.0,4.0,8.0,5.3,3.0,0,1.073,1.102,0.121,11.3,0
231,1,4.0,10.0,0.4,3.0,11,8.0,0.375,0.0,0.0,,0.0,7.0,7.0,1.0,1.0,4.0,1.0,2.0,11.0,10.4,-5.0,0,1.094,1.143,0.134,13.3,0
232,1,3.0,8.0,0.375,1.0,28,5.0,0.2,3.0,3.0,1.0,1.0,5.0,6.0,1.0,1.0,3.0,1.0,5.0,10.0,8.6,17.0,0,1.07,1.114,0.139,12.9,0
233,1,6.0,12.0,0.5,4.0,1,10.0,0.4,0.0,0.0,,1.0,15.0,16.0,0.0,1.0,3.0,3.0,0.0,16.0,15.3,1.0,0,1.034,1.084,0.143,11.7,1
234,0,7.0,14.0,0.5,6.0,-2,11.0,0.545,0.0,0.0,,2.0,11.0,13.0,2.0,2.0,1.0,0.0,4.0,20.0,20.2,8.0,0,1.094,1.143,0.134,13.3,1
235,0,1.0,4.0,0.25,0.0,-15,3.0,0.0,1.0,2.0,0.5,1.0,8.0,9.0,1.0,1.0,2.0,0.0,5.0,3.0,4.4,-24.0,0,1.048,1.088,0.134,12.3,0
236,0,9.0,16.0,0.563,7.0,-9,13.0,0.538,0.0,0.0,,2.0,4.0,6.0,0.0,1.0,2.0,3.0,3.0,25.0,18.2,-23.0,0,,,,,1
237,0,3.0,10.0,0.3,0.0,-20,4.0,0.0,1.0,1.0,1.0,1.0,3.0,4.0,2.0,0.0,4.0,4.0,3.0,7.0,1.8,-21.0,0,1.065,1.128,0.144,12.5,0
238,1,4.0,9.0,0.444,1.0,6,4.0,0.25,1.0,2.0,0.5,2.0,5.0,7.0,1.0,1.0,2.0,2.0,5.0,10.0,6.9,19.0,0,1.087,1.148,0.143,11.6,0
239,1,4.0,14.0,0.286,1.0,4,9.0,0.111,4.0,4.0,1.0,2.0,9.0,11.0,3.0,2.0,4.0,1.0,3.0,13.0,13.6,7.0,0,1.091,1.113,0.115,12.4,1
240,1,5.0,12.0,0.417,3.0,4,9.0,0.333,2.0,2.0,1.0,1.0,6.0,7.0,0.0,4.0,1.0,0.0,4.0,15.0,14.2,2.0,0,1.007,1.054,0.132,14.1,1
241,0,2.0,11.0,0.182,2.0,-8,11.0,0.182,0.0,0.0,,0.0,8.0,8.0,1.0,2.0,0.0,0.0,2.0,6.0,3.4,-10.0,0,1.112,1.126,0.125,13.5,0
242,1,3.0,7.0,0.429,2.0,16,4.0,0.5,0.0,0.0,,0.0,6.0,6.0,2.0,3.0,2.0,2.0,5.0,8.0,7.9,29.0,0,1.036,1.106,0.151,11.7,0
243,1,5.0,10.0,0.5,1.0,17,5.0,0.2,1.0,3.0,0.333,4.0,9.0,13.0,2.0,3.0,0.0,1.0,3.0,12.0,13.9,23.0,0,1.088,1.155,0.148,12.4,1
244,0,2.0,9.0,0.222,0.0,-18,6.0,0.0,2.0,3.0,0.667,2.0,7.0,9.0,3.0,4.0,2.0,3.0,3.0,6.0,6.9,-7.0,0,1.103,1.142,0.126,13.1,0
245,0,3.0,8.0,0.375,3.0,-4,8.0,0.375,2.0,2.0,1.0,0.0,7.0,7.0,2.0,0.0,2.0,2.0,3.0,11.0,8.3,2.0,0,1.052,1.093,0.143,11.5,0
246,0,1.0,4.0,0.25,1.0,-38,4.0,0.25,2.0,2.0,1.0,0.0,5.0,5.0,1.0,2.0,2.0,1.0,1.0,5.0,6.8,-3.0,0,1.06,1.112,0.133,10.5,0
247,1,1.0,6.0,0.167,1.0,15,5.0,0.2,0.0,0.0,,0.0,5.0,5.0,3.0,1.0,1.0,1.0,5.0,3.0,1.5,-8.0,1,1.056,1.098,0.137,11.9,0
248,1,4.0,7.0,0.571,2.0,13,5.0,0.4,0.0,0.0,,1.0,1.0,2.0,1.0,3.0,1.0,3.0,3.0,10.0,7.9,3.0,1,1.056,1.098,0.137,11.9,0
249,0,1.0,2.0,0.5,1.0,-12,2.0,0.5,2.0,2.0,1.0,0.0,5.0,5.0,0.0,2.0,1.0,0.0,4.0,5.0,6.6,-16.0,1,1.056,1.098,0.137,11.9,0
250,0,5.0,11.0,0.455,4.0,-3,8.0,0.5,0.0,0.0,,1.0,5.0,6.0,1.0,0.0,2.0,2.0,3.0,14.0,9.4,1.0,1,1.056,1.098,0.137,11.9,1
251,1,8.0,14.0,0.571,6.0,34,11.0,0.545,0.0,0.0,,1.0,6.0,7.0,3.0,3.0,0.0,1.0,3.0,22.0,20.8,36.0,1,1.056,1.098,0.137,11.9,1
252,0,7.0,11.0,0.636,4.0,-4,6.0,0.667,0.0,0.0,,1.0,4.0,5.0,0.0,5.0,3.0,1.0,3.0,18.0,19.9,-9.0,1,1.056,1.098,0.137,11.9,1
253,1,7.0,15.0,0.467,6.0,2,11.0,0.545,1.0,2.0,0.5,2.0,8.0,10.0,1.0,3.0,3.0,0.0,5.0,21.0,20.5,3.0,1,1.056,1.098,0.137,11.9,1
254,1,2.0,3.0,0.667,2.0,15,3.0,0.667,0.0,0.0,,0.0,7.0,7.0,2.0,4.0,1.0,0.0,5.0,6.0,10.9,5.0,1,1.036,1.106,0.151,11.7,0
255,0,5.0,10.0,0.5,4.0,-8,8.0,0.5,3.0,3.0,1.0,0.0,3.0,3.0,0.0,1.0,1.0,1.0,3.0,17.0,12.4,5.0,1,1.036,1.106,0.151,11.7,1
256,0,4.0,7.0,0.571,2.0,-10,4.0,0.5,0.0,0.0,,2.0,3.0,5.0,3.0,4.0,0.0,2.0,4.0,10.0,11.5,-13.0,1,1.036,1.106,0.151,11.7,0
257,0,1.0,2.0,0.5,1.0,-10,1.0,1.0,0.0,0.0,,0.0,3.0,3.0,1.0,2.0,0.0,1.0,2.0,3.0,3.8,-18.0,1,1.036,1.106,0.151,11.7,0
258,0,2.0,7.0,0.286,1.0,-23,4.0,0.25,0.0,0.0,,0.0,2.0,2.0,1.0,2.0,0.0,0.0,5.0,5.0,2.2,-21.0,1,1.036,1.106,0.151,11.7,0
259,0,0.0,3.0,0.0,0.0,-20,3.0,0.0,1.0,2.0,0.5,0.0,4.0,4.0,3.0,1.0,0.0,0.0,2.0,1.0,2.0,-18.0,0,1.068,1.083,0.112,11.2,0
260,1,3.0,7.0,0.429,1.0,2,4.0,0.25,2.0,2.0,1.0,1.0,7.0,8.0,0.0,2.0,0.0,2.0,3.0,9.0,6.9,16.0,0,1.116,1.169,0.14,13.4,0
261,1,2.0,9.0,0.222,0.0,8,6.0,0.0,0.0,0.0,,1.0,5.0,6.0,2.0,3.0,1.0,0.0,2.0,4.0,5.0,-5.0,0,1.042,1.112,0.147,11.4,0
262,0,3.0,4.0,0.75,2.0,-23,3.0,0.667,0.0,0.0,,0.0,3.0,3.0,1.0,1.0,1.0,2.0,5.0,8.0,5.7,-22.0,0,1.089,1.124,0.127,12.1,0
263,1,2.0,8.0,0.25,2.0,25,7.0,0.286,2.0,2.0,1.0,0.0,11.0,11.0,2.0,1.0,1.0,1.0,0.0,8.0,8.6,29.0,0,1.068,1.112,0.142,12.4,0
264,0,2.0,4.0,0.5,2.0,-15,2.0,1.0,0.0,0.0,,0.0,2.0,2.0,1.0,2.0,0.0,2.0,3.0,6.0,4.1,-8.0,0,1.068,1.112,0.142,12.4,0
265,0,5.0,10.0,0.5,4.0,-3,9.0,0.444,0.0,0.0,,1.0,5.0,6.0,1.0,1.0,1.0,0.0,5.0,14.0,11.6,6.0,0,1.09,1.136,0.124,11.5,1
266,1,1.0,4.0,0.25,1.0,18,3.0,0.333,0.0,0.0,,0.0,4.0,4.0,3.0,1.0,0.0,2.0,3.0,3.0,1.7,16.0,0,1.113,1.172,0.145,13.1,0
267,1,2.0,4.0,0.5,2.0,26,4.0,0.5,0.0,0.0,,0.0,8.0,8.0,4.0,1.0,0.0,0.0,1.0,6.0,9.8,34.0,0,1.138,1.172,0.133,12.4,0
268,1,2.0,9.0,0.222,1.0,1,8.0,0.125,2.0,2.0,1.0,1.0,7.0,8.0,2.0,2.0,1.0,2.0,4.0,7.0,4.8,4.0,0,1.089,1.158,0.157,13.9,0
269,1,4.0,12.0,0.333,4.0,6,7.0,0.571,0.0,0.0,,2.0,4.0,6.0,0.0,0.0,0.0,2.0,4.0,12.0,4.2,0.0,0,1.138,1.172,0.133,12.4,1
270,0,1.0,7.0,0.143,1.0,-24,5.0,0.2,0.0,0.0,,0.0,1.0,1.0,1.0,2.0,1.0,2.0,1.0,3.0,-0.2,-10.0,0,1.091,1.128,0.14,11.5,0
271,1,1.0,13.0,0.077,1.0,6,7.0,0.143,0.0,0.0,,2.0,8.0,10.0,3.0,1.0,1.0,1.0,3.0,3.0,-0.3,0.0,0,1.094,1.118,0.123,11.7,0
272,0,4.0,8.0,0.5,1.0,-21,5.0,0.2,0.0,0.0,,0.0,3.0,3.0,1.0,3.0,0.0,1.0,5.0,9.0,6.6,2.0,0,1.095,1.13,0.128,12.2,0
273,1,1.0,7.0,0.143,0.0,3,6.0,0.0,2.0,2.0,1.0,0.0,3.0,3.0,2.0,0.0,2.0,0.0,2.0,4.0,2.4,8.0,0,1.051,1.084,0.127,12.1,0
274,0,,,,,-3,,,,,,,,,,,,,,,,,0,1.11,1.144,0.126,13.6,0
275,0,,,,,-3,,,,,,,,,,,,,,,,,0,1.116,1.169,0.14,13.4,0
276,1,3.0,5.0,0.6,1.0,1,3.0,0.333,2.0,2.0,1.0,0.0,2.0,2.0,4.0,4.0,0.0,0.0,3.0,9.0,12.9,19.0,0,1.09,1.136,0.124,11.5,0
277,0,2.0,9.0,0.222,1.0,-28,5.0,0.2,0.0,0.0,,2.0,6.0,8.0,2.0,2.0,0.0,2.0,2.0,5.0,3.3,-19.0,0,1.075,1.118,0.126,14.2,0
278,1,6.0,10.0,0.6,5.0,11,8.0,0.625,2.0,2.0,1.0,2.0,7.0,9.0,1.0,1.0,0.0,1.0,3.0,19.0,17.4,12.0,0,1.1,1.144,0.134,12.4,1
279,1,4.0,9.0,0.444,1.0,16,4.0,0.25,0.0,0.0,,2.0,4.0,6.0,1.0,4.0,0.0,2.0,2.0,9.0,8.8,5.0,0,1.045,1.102,0.146,11.5,0
280,0,4.0,10.0,0.4,3.0,-11,9.0,0.333,2.0,2.0,1.0,2.0,8.0,10.0,1.0,2.0,1.0,1.0,1.0,13.0,13.4,-10.0,0,1.051,1.084,0.127,12.1,1
281,1,2.0,6.0,0.333,1.0,9,5.0,0.2,0.0,0.0,,0.0,11.0,11.0,4.0,1.0,2.0,2.0,2.0,5.0,7.3,11.0,0,1.113,1.146,0.125,13.7,0
282,1,2.0,5.0,0.4,1.0,4,4.0,0.25,0.0,0.0,,0.0,5.0,5.0,2.0,1.0,1.0,0.0,1.0,5.0,6.5,-2.0,0,1.045,1.102,0.146,11.5,0
283,1,1.0,3.0,0.333,1.0,19,3.0,0.333,0.0,0.0,,0.0,4.0,4.0,0.0,0.0,1.0,1.0,2.0,3.0,1.4,27.0,0,1.11,1.164,0.142,12.4,0
284,1,5.0,7.0,0.714,4.0,3,4.0,1.0,1.0,2.0,0.5,2.0,3.0,5.0,0.0,4.0,0.0,0.0,3.0,15.0,16.8,4.0,0,1.103,1.135,0.125,12.9,1
285,1,2.0,7.0,0.286,2.0,11,5.0,0.4,0.0,0.0,,2.0,7.0,9.0,5.0,0.0,6.0,0.0,3.0,6.0,11.9,7.0,0,1.11,1.144,0.126,13.6,0
286,1,5.0,6.0,0.833,2.0,2,3.0,0.667,0.0,0.0,,0.0,8.0,8.0,1.0,2.0,4.0,1.0,3.0,12.0,15.5,12.0,0,1.104,1.157,0.128,14.5,1
287,0,4.0,11.0,0.364,2.0,-7,6.0,0.333,1.0,2.0,0.5,4.0,7.0,11.0,1.0,2.0,4.0,1.0,3.0,11.0,12.7,-5.0,0,1.1,1.144,0.134,12.4,0
288,0,2.0,4.0,0.5,2.0,-32,3.0,0.667,0.0,0.0,,2.0,3.0,5.0,2.0,1.0,2.0,4.0,1.0,6.0,5.7,-18.0,0,1.079,1.115,0.131,11.6,0
289,0,0.0,5.0,0.0,0.0,-5,4.0,0.0,0.0,0.0,,0.0,7.0,7.0,1.0,0.0,1.0,1.0,1.0,0.0,-1.4,-1.0,0,1.098,1.158,0.136,13.2,0
290,0,1.0,8.0,0.125,0.0,-9,5.0,0.0,2.0,2.0,1.0,0.0,10.0,10.0,0.0,1.0,0.0,2.0,3.0,4.0,-0.4,-6.0,0,1.042,1.112,0.147,11.4,0
291,1,8.0,11.0,0.727,5.0,12,7.0,0.714,0.0,0.0,,1.0,9.0,10.0,2.0,2.0,2.0,2.0,2.0,21.0,21.9,18.0,0,,,,,1
292,1,5.0,12.0,0.417,3.0,2,9.0,0.333,2.0,4.0,0.5,0.0,9.0,9.0,1.0,2.0,3.0,0.0,2.0,15.0,14.5,-3.0,0,1.068,1.112,0.142,12.4,1
293,1,2.0,6.0,0.333,1.0,4,5.0,0.2,2.0,2.0,1.0,0.0,6.0,6.0,1.0,3.0,3.0,3.0,5.0,7.0,6.2,6.0,0,1.138,1.172,0.133,12.4,0
294,0,5.0,11.0,0.455,3.0,-6,6.0,0.5,0.0,0.0,,0.0,6.0,6.0,2.0,2.0,1.0,0.0,2.0,13.0,12.4,8.0,0,1.079,1.115,0.131,11.6,1
295,1,3.0,4.0,0.75,3.0,4,4.0,0.75,0.0,0.0,,0.0,6.0,6.0,3.0,0.0,1.0,1.0,0.0,9.0,11.0,4.0,0,1.113,1.172,0.145,13.1,0
296,0,7.0,13.0,0.538,4.0,-2,7.0,0.571,1.0,1.0,1.0,1.0,6.0,7.0,5.0,1.0,1.0,2.0,5.0,19.0,16.4,4.0,0,1.113,1.172,0.145,13.1,1
297,1,3.0,8.0,0.375,3.0,1,7.0,0.429,0.0,0.0,,0.0,5.0,5.0,0.0,3.0,2.0,1.0,5.0,9.0,7.5,11.0,0,1.104,1.157,0.128,14.5,0
298,1,4.0,7.0,0.571,2.0,8,5.0,0.4,0.0,0.0,,1.0,9.0,10.0,1.0,1.0,2.0,1.0,3.0,10.0,11.0,5.0,0,1.104,1.157,0.128,14.5,0
299,1,4.0,10.0,0.4,3.0,6,8.0,0.375,0.0,0.0,,1.0,6.0,7.0,0.0,3.0,0.0,2.0,5.0,11.0,7.1,-2.0,0,1.103,1.135,0.125,12.9,0
300,0,2.0,5.0,0.4,2.0,-40,4.0,0.5,0.0,0.0,,0.0,6.0,6.0,2.0,2.0,1.0,1.0,2.0,6.0,7.4,-25.0,0,1.103,1.135,0.125,12.9,0
301,0,4.0,8.0,0.5,4.0,-4,6.0,0.667,1.0,2.0,0.5,1.0,8.0,9.0,2.0,2.0,2.0,0.0,5.0,13.0,14.5,0.0,0,1.1,1.113,0.123,12.9,1
302,1,3.0,5.0,0.6,3.0,3,5.0,0.6,1.0,2.0,0.5,0.0,6.0,6.0,0.0,1.0,0.0,0.0,2.0,10.0,9.3,-14.0,0,1.083,1.14,0.15,14.2,0
303,1,4.0,6.0,0.667,3.0,7,5.0,0.6,4.0,4.0,1.0,1.0,7.0,8.0,5.0,1.0,4.0,1.0,2.0,15.0,20.7,1.0,0,1.113,1.146,0.125,13.7,1
304,1,4.0,11.0,0.364,3.0,5,8.0,0.375,2.0,2.0,1.0,3.0,9.0,12.0,2.0,3.0,4.0,1.0,5.0,13.0,15.9,3.0,0,1.089,1.158,0.157,13.9,1
305,1,6.0,8.0,0.75,4.0,23,5.0,0.8,0.0,0.0,,0.0,6.0,6.0,1.0,3.0,1.0,1.0,2.0,16.0,17.2,22.0,0,1.092,1.139,0.137,11.3,1
306,0,6.0,11.0,0.545,6.0,-18,11.0,0.545,0.0,0.0,,0.0,7.0,7.0,0.0,0.0,0.0,0.0,3.0,18.0,13.6,-15.0,0,1.075,1.118,0.126,14.2,1
307,1,2.0,6.0,0.333,1.0,48,3.0,0.333,0.0,0.0,,2.0,4.0,6.0,0.0,1.0,1.0,1.0,3.0,5.0,3.7,35.0,0,1.11,1.144,0.126,13.6,0
308,0,6.0,13.0,0.462,2.0,-17,7.0,0.286,1.0,2.0,0.5,3.0,6.0,9.0,2.0,2.0,1.0,1.0,2.0,15.0,14.1,-15.0,0,1.089,1.124,0.127,12.1,1
309,0,3.0,8.0,0.375,2.0,-19,6.0,0.333,0.0,0.0,,1.0,3.0,4.0,2.0,0.0,2.0,0.0,4.0,8.0,6.4,-7.0,0,1.068,1.083,0.112,11.2,0
310,1,1.0,3.0,0.333,1.0,15,2.0,0.5,0.0,0.0,,0.0,1.0,1.0,0.0,2.0,1.0,2.0,2.0,3.0,1.5,4.0,0,1.092,1.139,0.137,11.3,0
311,0,3.0,10.0,0.3,0.0,-9,5.0,0.0,3.0,4.0,0.75,0.0,5.0,5.0,4.0,1.0,1.0,0.0,2.0,9.0,8.0,-7.0,0,1.083,1.14,0.15,14.2,0
312,0,3.0,7.0,0.429,1.0,-1,4.0,0.25,2.0,2.0,1.0,0.0,7.0,7.0,3.0,0.0,3.0,1.0,4.0,9.0,9.0,0.0,0,1.097,1.15,0.137,12.8,0
313,1,3.0,5.0,0.6,2.0,1,3.0,0.667,0.0,0.0,,1.0,5.0,6.0,2.0,3.0,1.0,1.0,1.0,8.0,11.6,-3.0,0,1.095,1.13,0.128,12.2,0
314,0,0.0,1.0,0.0,0.0,-8,1.0,0.0,0.0,0.0,,0.0,7.0,7.0,1.0,1.0,0.0,2.0,1.0,0.0,0.7,-5.0,0,,,,,0
315,0,1.0,2.0,0.5,1.0,-1,1.0,1.0,2.0,2.0,1.0,0.0,5.0,5.0,0.0,0.0,0.0,0.0,3.0,5.0,4.3,3.0,0,1.089,1.124,0.127,12.1,0
316,0,5.0,9.0,0.556,2.0,-1,4.0,0.5,0.0,0.0,,1.0,7.0,8.0,0.0,0.0,1.0,0.0,2.0,12.0,10.4,-2.0,0,1.098,1.158,0.136,13.2,1
317,0,2.0,9.0,0.222,1.0,-2,5.0,0.2,2.0,2.0,1.0,3.0,5.0,8.0,5.0,1.0,1.0,2.0,5.0,7.0,6.3,2.0,0,1.083,1.135,0.142,13.0,0
318,0,0.0,7.0,0.0,0.0,-7,4.0,0.0,2.0,2.0,1.0,3.0,5.0,8.0,2.0,1.0,0.0,0.0,3.0,2.0,1.9,-6.0,0,1.083,1.135,0.142,13.0,0
319,1,6.0,12.0,0.5,3.0,21,5.0,0.6,0.0,0.0,,3.0,8.0,11.0,1.0,0.0,2.0,0.0,2.0,15.0,14.8,33.0,0,1.091,1.128,0.14,11.5,1
320,1,0.0,6.0,0.0,0.0,21,4.0,0.0,0.0,0.0,,1.0,5.0,6.0,1.0,1.0,2.0,1.0,4.0,0.0,-1.5,1.0,0,1.083,1.135,0.142,13.0,0
321,1,2.0,3.0,0.667,1.0,19,2.0,0.5,2.0,2.0,1.0,1.0,8.0,9.0,2.0,0.0,0.0,0.0,4.0,7.0,8.6,9.0,0,1.1,1.113,0.123,12.9,0
322,1,3.0,6.0,0.5,3.0,10,6.0,0.5,1.0,2.0,0.5,0.0,4.0,4.0,1.0,1.0,2.0,0.0,0.0,10.0,10.9,11.0,0,1.097,1.15,0.137,12.8,0
323,0,3.0,7.0,0.429,3.0,-9,5.0,0.6,0.0,0.0,,0.0,5.0,5.0,4.0,3.0,1.0,1.0,2.0,9.0,11.5,-8.0,0,1.094,1.118,0.123,11.7,0
324,1,3.0,7.0,0.429,3.0,36,7.0,0.429,0.0,0.0,,1.0,4.0,5.0,1.0,1.0,1.0,0.0,4.0,9.0,8.0,1.0,0,1.11,1.164,0.142,12.4,0
325,1,1.0,10.0,0.1,1.0,5,7.0,0.143,0.0,0.0,,1.0,7.0,8.0,2.0,1.0,1.0,0.0,5.0,3.0,0.3,4.0,0,1.042,1.112,0.147,11.4,0
326,1,1.0,5.0,0.2,1.0,22,4.0,0.25,0.0,0.0,,2.0,9.0,11.0,1.0,1.0,1.0,0.0,1.0,3.0,6.0,13.0,0,1.095,1.13,0.128,12.2,0
327,1,2.0,5.0,0.4,2.0,11,5.0,0.4,0.0,0.0,,0.0,2.0,2.0,1.0,1.0,2.0,0.0,4.0,6.0,5.4,1.0,0,1.116,1.169,0.14,13.4,0
328,1,2.0,3.0,0.667,1.0,7,2.0,0.5,0.0,0.0,,1.0,6.0,7.0,0.0,2.0,0.0,0.0,4.0,5.0,6.6,7.0,0,1.068,1.083,0.112,11.2,0
329,0,5.0,10.0,0.5,4.0,-1,8.0,0.5,2.0,4.0,0.5,0.0,4.0,4.0,4.0,2.0,0.0,1.0,5.0,16.0,13.2,-2.0,0,1.079,1.115,0.131,11.6,1
330,1,1.0,5.0,0.2,0.0,16,4.0,0.0,1.0,1.0,1.0,2.0,5.0,7.0,0.0,1.0,2.0,0.0,2.0,3.0,4.4,23.0,0,1.098,1.158,0.136,13.2,0
331,1,3.0,5.0,0.6,2.0,14,4.0,0.5,0.0,0.0,,1.0,4.0,5.0,1.0,0.0,1.0,1.0,1.0,8.0,7.6,21.0,1,1.098,1.158,0.136,13.2,0
332,0,1.0,3.0,0.333,1.0,-19,2.0,0.5,0.0,0.0,,0.0,1.0,1.0,1.0,2.0,2.0,4.0,3.0,3.0,0.5,-3.0,1,1.098,1.158,0.136,13.2,0
333,0,3.0,9.0,0.333,0.0,-5,2.0,0.0,0.0,0.0,,3.0,8.0,11.0,4.0,1.0,1.0,1.0,2.0,6.0,8.1,-3.0,1,1.098,1.158,0.136,13.2,0
334,1,3.0,6.0,0.5,2.0,20,5.0,0.4,1.0,2.0,0.5,0.0,9.0,9.0,1.0,1.0,1.0,0.0,5.0,9.0,8.7,16.0,1,1.098,1.158,0.136,13.2,0
335,0,5.0,10.0,0.5,3.0,-7,6.0,0.5,6.0,6.0,1.0,3.0,8.0,11.0,0.0,2.0,0.0,0.0,6.0,19.0,18.1,0.0,1,1.098,1.158,0.136,13.2,1
336,0,3.0,3.0,1.0,3.0,-11,3.0,1.0,2.0,2.0,1.0,2.0,8.0,10.0,0.0,3.0,1.0,2.0,3.0,11.0,14.4,-3.0,1,1.098,1.158,0.136,13.2,0
