,Win_Loss,FG,FGA,FG_Percent,3P,Differential,3PA,3P_Percent,FT,FTA,FT_Percent,ORB,DRB,TRB,AST,STL,BLK,TOV,PF,PTS,GmSc,+/-,Postseason,Opp_Def_Eff,Opp_TS,Opp_TO_per_POS,Opp_3PT_Made,Over/Under
0,1,10.0,20.0,0.5,4.0,48,6.0,0.667,3.0,3.0,1.0,3.0,2.0,5.0,5.0,1.0,3.0,0.0,1.0,27.0,25.9,34.0,0,1.093,1.129,0.129,10.9,0
1,1,7.0,17.0,0.412,0.0,18,3.0,0.0,4.0,4.0,1.0,0.0,7.0,7.0,7.0,1.0,1.0,0.0,2.0,18.0,16.8,25.0,0,1.047,1.106,0.156,10.6,0
2,0,6.0,15.0,0.4,3.0,-3,6.0,0.5,11.0,12.0,0.917,2.0,3.0,5.0,4.0,4.0,0.0,6.0,5.0,26.0,18.6,-5.0,0,1.067,1.122,0.154,10.1,0
3,1,3.0,16.0,0.188,1.0,10,8.0,0.125,6.0,9.0,0.667,1.0,4.0,5.0,7.0,1.0,0.0,6.0,0.0,13.0,3.6,3.0,0,1.053,1.086,0.137,10.8,0
4,0,7.0,19.0,0.368,4.0,-1,9.0,0.444,7.0,7.0,1.0,0.0,2.0,2.0,6.0,0.0,0.0,1.0,3.0,25.0,17.1,1.0,0,1.068,1.106,0.138,10.7,0
5,1,7.0,21.0,0.333,3.0,7,8.0,0.375,8.0,9.0,0.889,3.0,4.0,7.0,9.0,1.0,0.0,2.0,2.0,25.0,20.5,2.0,0,1.093,1.129,0.129,10.9,0
6,0,12.0,23.0,0.522,3.0,-14,8.0,0.375,9.0,10.0,0.9,1.0,1.0,2.0,2.0,2.0,1.0,6.0,0.0,36.0,23.4,-7.0,0,1.036,1.082,0.139,9.0,1
7,0,12.0,27.0,0.444,4.0,-9,15.0,0.267,5.0,5.0,1.0,2.0,8.0,10.0,8.0,2.0,1.0,5.0,3.0,33.0,24.8,1.0,0,1.013,1.078,0.148,9.8,1
8,1,8.0,18.0,0.444,2.0,3,6.0,0.333,14.0,14.0,1.0,2.0,4.0,6.0,5.0,0.0,0.0,2.0,2.0,32.0,25.9,6.0,0,1.048,1.09,0.136,10.4,1
9,1,10.0,18.0,0.556,1.0,4,5.0,0.2,15.0,15.0,1.0,1.0,4.0,5.0,13.0,0.0,1.0,2.0,2.0,36.0,36.3,14.0,0,1.037,1.11,0.159,11.2,1
10,0,4.0,16.0,0.25,0.0,-1,5.0,0.0,4.0,4.0,1.0,1.0,4.0,5.0,6.0,1.0,0.0,5.0,2.0,12.0,3.7,-10.0,0,1.074,1.134,0.15,10.7,0
11,0,7.0,16.0,0.438,1.0,-4,5.0,0.2,4.0,5.0,0.8,2.0,7.0,9.0,6.0,0.0,0.0,2.0,1.0,19.0,15.5,-12.0,0,1.074,1.097,0.12,9.0,0
12,1,4.0,14.0,0.286,2.0,17,8.0,0.25,5.0,5.0,1.0,1.0,4.0,5.0,7.0,4.0,0.0,4.0,1.0,15.0,13.2,3.0,0,1.076,1.125,0.137,10.9,0
13,1,9.0,21.0,0.429,5.0,5,10.0,0.5,3.0,4.0,0.75,1.0,10.0,11.0,7.0,0.0,0.0,2.0,1.0,26.0,20.7,8.0,0,1.069,1.109,0.14,10.0,0
14,0,9.0,24.0,0.375,5.0,-4,14.0,0.357,6.0,6.0,1.0,0.0,1.0,1.0,4.0,1.0,1.0,1.0,0.0,29.0,19.6,8.0,0,1.079,1.142,0.146,11.9,1
15,1,8.0,18.0,0.444,1.0,12,7.0,0.143,5.0,6.0,0.833,1.0,1.0,2.0,6.0,1.0,1.0,2.0,1.0,22.0,16.7,20.0,0,1.079,1.142,0.146,11.9,0
16,1,5.0,15.0,0.333,1.0,8,4.0,0.25,10.0,10.0,1.0,0.0,3.0,3.0,4.0,0.0,0.0,2.0,1.0,21.0,13.8,-1.0,0,1.074,1.134,0.15,10.7,0
17,0,11.0,27.0,0.407,6.0,-20,13.0,0.462,2.0,3.0,0.667,0.0,3.0,3.0,2.0,1.0,1.0,3.0,0.0,30.0,16.1,-15.0,0,1.018,1.059,0.138,10.2,1
18,1,10.0,19.0,0.526,4.0,2,6.0,0.667,10.0,11.0,0.909,1.0,3.0,4.0,9.0,1.0,1.0,3.0,3.0,34.0,29.7,3.0,0,1.074,1.097,0.12,9.0,1
19,1,9.0,17.0,0.529,2.0,3,8.0,0.25,9.0,10.0,0.9,0.0,6.0,6.0,6.0,0.0,1.0,5.0,2.0,29.0,21.2,15.0,0,1.056,1.113,0.148,10.2,1
20,1,10.0,20.0,0.5,1.0,12,6.0,0.167,11.0,11.0,1.0,0.0,1.0,1.0,5.0,1.0,0.0,3.0,0.0,32.0,23.8,14.0,0,1.072,1.11,0.133,11.2,1
21,0,7.0,16.0,0.438,2.0,-12,7.0,0.286,2.0,3.0,0.667,2.0,5.0,7.0,7.0,0.0,0.0,5.0,1.0,18.0,11.6,-12.0,0,1.067,1.122,0.154,10.1,0
22,0,11.0,25.0,0.44,4.0,-7,11.0,0.364,3.0,3.0,1.0,1.0,4.0,5.0,8.0,1.0,0.0,1.0,1.0,29.0,23.0,-7.0,0,1.053,1.086,0.137,10.8,1
23,0,10.0,23.0,0.435,3.0,-14,9.0,0.333,7.0,7.0,1.0,1.0,7.0,8.0,9.0,0.0,0.0,4.0,2.0,30.0,22.2,-5.0,0,1.056,1.113,0.148,10.2,1
24,0,11.0,23.0,0.478,9.0,-7,16.0,0.563,4.0,4.0,1.0,0.0,4.0,4.0,6.0,1.0,0.0,5.0,3.0,35.0,23.5,-2.0,0,1.032,1.098,0.144,10.2,1
25,0,12.0,28.0,0.429,5.0,-7,13.0,0.385,10.0,11.0,0.909,0.0,4.0,4.0,2.0,2.0,0.0,0.0,5.0,39.0,26.4,-2.0,0,1.037,1.062,0.139,10.4,1
26,1,5.0,14.0,0.357,1.0,7,6.0,0.167,7.0,7.0,1.0,0.0,3.0,3.0,6.0,0.0,0.0,1.0,1.0,18.0,13.9,2.0,0,1.036,1.088,0.143,9.7,0
27,1,7.0,16.0,0.438,3.0,7,6.0,0.5,4.0,4.0,1.0,1.0,1.0,2.0,4.0,2.0,1.0,4.0,3.0,21.0,13.9,-9.0,0,1.069,1.109,0.14,10.0,0
28,1,7.0,19.0,0.368,3.0,2,9.0,0.333,1.0,2.0,0.5,1.0,6.0,7.0,11.0,1.0,0.0,6.0,0.0,18.0,12.3,2.0,0,1.06,1.119,0.133,11.3,0
29,0,7.0,18.0,0.389,2.0,-1,7.0,0.286,1.0,1.0,1.0,0.0,8.0,8.0,13.0,0.0,1.0,6.0,2.0,17.0,12.6,-3.0,0,1.079,1.135,0.148,11.1,0
30,0,6.0,17.0,0.353,2.0,-2,6.0,0.333,3.0,3.0,1.0,0.0,4.0,4.0,3.0,2.0,0.0,2.0,3.0,17.0,9.6,2.0,0,1.022,1.075,0.143,9.2,0
31,0,,,,,-17,,,,,,,,,,,,,,,,,0,1.076,1.125,0.137,10.9,0
32,1,,,,,3,,,,,,,,,,,,,,,,,0,1.048,1.09,0.136,10.4,0
33,1,,,,,4,,,,,,,,,,,,,,,,,0,1.018,1.059,0.138,10.2,0
34,0,,,,,-15,,,,,,,,,,,,,,,,,0,1.072,1.128,0.149,11.6,0
35,1,,,,,4,,,,,,,,,,,,,,,,,0,1.079,1.141,0.133,12.1,0
36,0,8.0,15.0,0.533,6.0,-17,9.0,0.667,3.0,4.0,0.75,0.0,0.0,0.0,6.0,1.0,0.0,7.0,2.0,25.0,14.7,-9.0,0,1.085,1.126,0.131,11.4,0
37,1,6.0,15.0,0.4,2.0,21,6.0,0.333,0.0,0.0,,0.0,4.0,4.0,6.0,2.0,1.0,4.0,2.0,14.0,9.2,16.0,0,1.072,1.128,0.149,11.6,0
38,1,,,,,1,,,,,,,,,,,,,,,,,0,1.022,1.075,0.143,9.2,0
39,1,,,,,11,,,,,,,,,,,,,,,,,0,1.037,1.11,0.159,11.2,0
40,0,9.0,16.0,0.563,1.0,-9,6.0,0.167,10.0,12.0,0.833,0.0,5.0,5.0,8.0,2.0,0.0,2.0,2.0,29.0,26.9,-4.0,0,1.032,1.098,0.144,10.2,1
41,0,9.0,22.0,0.409,2.0,-6,11.0,0.182,3.0,4.0,0.75,1.0,1.0,2.0,8.0,3.0,0.0,2.0,3.0,23.0,17.2,5.0,0,1.053,1.086,0.137,10.8,0
42,0,7.0,14.0,0.5,2.0,-17,6.0,0.333,5.0,6.0,0.833,0.0,6.0,6.0,8.0,1.0,0.0,6.0,3.0,21.0,14.8,-23.0,0,1.079,1.135,0.148,11.1,0
43,1,11.0,19.0,0.579,4.0,7,8.0,0.5,5.0,5.0,1.0,0.0,5.0,5.0,7.0,1.0,0.0,1.0,1.0,31.0,28.1,11.0,0,1.093,1.129,0.129,10.9,1
44,1,8.0,21.0,0.381,2.0,14,8.0,0.25,8.0,8.0,1.0,1.0,4.0,5.0,8.0,0.0,1.0,3.0,0.0,26.0,19.7,10.0,0,1.047,1.106,0.156,10.6,0
45,1,10.0,15.0,0.667,7.0,9,9.0,0.778,4.0,4.0,1.0,0.0,5.0,5.0,9.0,0.0,0.0,4.0,2.0,31.0,27.5,13.0,0,1.066,1.121,0.139,10.7,1
46,0,10.0,18.0,0.556,4.0,-3,8.0,0.5,1.0,2.0,0.5,0.0,2.0,2.0,8.0,0.0,0.0,3.0,2.0,25.0,18.4,-8.0,0,1.076,1.125,0.137,10.9,0
47,1,9.0,17.0,0.529,6.0,9,11.0,0.545,7.0,7.0,1.0,1.0,3.0,4.0,6.0,0.0,0.0,0.0,2.0,31.0,27.7,11.0,0,1.079,1.135,0.148,11.1,1
48,1,9.0,18.0,0.5,3.0,14,8.0,0.375,8.0,11.0,0.727,0.0,3.0,3.0,3.0,0.0,0.0,4.0,2.0,29.0,17.0,14.0,0,1.066,1.121,0.139,10.7,1
49,1,6.0,14.0,0.429,5.0,8,10.0,0.5,11.0,11.0,1.0,0.0,4.0,4.0,7.0,3.0,1.0,2.0,1.0,28.0,28.0,11.0,0,1.068,1.106,0.138,10.7,1
50,1,5.0,9.0,0.556,1.0,16,5.0,0.2,2.0,2.0,1.0,1.0,3.0,4.0,7.0,0.0,1.0,2.0,2.0,13.0,13.1,23.0,0,1.079,1.141,0.133,12.1,0
51,0,11.0,18.0,0.611,3.0,-25,7.0,0.429,7.0,8.0,0.875,0.0,3.0,3.0,10.0,0.0,1.0,2.0,1.0,32.0,29.6,-17.0,0,1.036,1.082,0.139,9.0,1
52,0,6.0,19.0,0.316,2.0,-1,9.0,0.222,7.0,8.0,0.875,1.0,5.0,6.0,9.0,0.0,1.0,2.0,0.0,21.0,16.9,0.0,0,1.014,1.062,0.141,9.3,0
53,0,8.0,17.0,0.471,1.0,-20,5.0,0.2,3.0,3.0,1.0,1.0,4.0,5.0,5.0,2.0,1.0,5.0,2.0,20.0,13.6,-12.0,0,1.042,1.103,0.149,11.1,0
54,1,6.0,22.0,0.273,3.0,6,11.0,0.273,3.0,3.0,1.0,0.0,4.0,4.0,8.0,1.0,0.0,4.0,2.0,18.0,8.0,4.0,0,1.06,1.119,0.133,11.3,0
55,1,16.0,26.0,0.615,8.0,18,13.0,0.615,10.0,10.0,1.0,0.0,1.0,1.0,6.0,3.0,0.0,2.0,2.0,50.0,42.9,18.0,0,1.079,1.142,0.146,11.9,1
56,0,12.0,25.0,0.48,2.0,-19,8.0,0.25,13.0,13.0,1.0,1.0,2.0,3.0,1.0,0.0,1.0,2.0,2.0,39.0,26.2,-10.0,0,1.013,1.078,0.148,9.8,1
57,1,14.0,25.0,0.56,4.0,6,11.0,0.364,12.0,12.0,1.0,0.0,3.0,3.0,8.0,2.0,0.0,4.0,3.0,44.0,35.4,17.0,0,1.037,1.062,0.139,10.4,1
58,1,7.0,18.0,0.389,2.0,19,7.0,0.286,8.0,8.0,1.0,0.0,4.0,4.0,3.0,1.0,0.0,4.0,0.0,24.0,14.5,15.0,0,1.013,1.078,0.148,9.8,0
59,1,13.0,27.0,0.481,3.0,2,11.0,0.273,11.0,15.0,0.733,2.0,8.0,10.0,5.0,1.0,0.0,4.0,2.0,40.0,28.2,6.0,0,1.093,1.129,0.129,10.9,1
60,1,11.0,19.0,0.579,4.0,17,8.0,0.5,0.0,0.0,,0.0,1.0,1.0,12.0,2.0,0.0,4.0,1.0,26.0,23.4,14.0,0,1.079,1.142,0.146,11.9,0
61,1,9.0,22.0,0.409,4.0,9,12.0,0.333,13.0,16.0,0.813,3.0,4.0,7.0,4.0,1.0,0.0,1.0,1.0,35.0,27.7,8.0,0,1.079,1.135,0.148,11.1,1
62,1,5.0,18.0,0.278,2.0,8,8.0,0.25,8.0,9.0,0.889,0.0,1.0,1.0,7.0,1.0,1.0,3.0,2.0,20.0,12.1,-1.0,0,1.037,1.11,0.159,11.2,0
63,1,12.0,25.0,0.48,6.0,5,11.0,0.545,9.0,12.0,0.75,1.0,4.0,5.0,6.0,0.0,0.0,4.0,2.0,39.0,26.4,6.0,0,1.048,1.09,0.136,10.4,1
64,1,10.0,18.0,0.556,8.0,24,11.0,0.727,9.0,11.0,0.818,1.0,1.0,2.0,1.0,2.0,0.0,2.0,1.0,37.0,28.9,14.0,0,1.072,1.11,0.133,11.2,1
65,1,8.0,21.0,0.381,4.0,17,10.0,0.4,8.0,8.0,1.0,1.0,3.0,4.0,8.0,0.0,0.0,3.0,2.0,28.0,19.9,11.0,0,1.037,1.062,0.139,10.4,1
66,1,8.0,19.0,0.421,7.0,16,14.0,0.5,9.0,10.0,0.9,1.0,4.0,5.0,10.0,0.0,0.0,3.0,0.0,32.0,27.4,25.0,0,1.036,1.088,0.143,9.7,1
67,1,7.0,20.0,0.35,1.0,8,8.0,0.125,9.0,9.0,1.0,0.0,3.0,3.0,9.0,1.0,0.0,2.0,0.0,24.0,19.0,-1.0,0,1.085,1.126,0.131,11.4,0
68,1,6.0,19.0,0.316,3.0,13,10.0,0.3,9.0,9.0,1.0,3.0,4.0,7.0,8.0,1.0,3.0,1.0,1.0,24.0,23.7,23.0,0,1.042,1.103,0.149,11.1,0
69,1,6.0,13.0,0.462,2.0,13,6.0,0.333,9.0,9.0,1.0,0.0,0.0,0.0,2.0,1.0,0.0,1.0,0.0,23.0,17.7,23.0,0,1.068,1.106,0.138,10.7,0
70,0,5.0,17.0,0.294,0.0,-4,7.0,0.0,10.0,10.0,1.0,0.0,4.0,4.0,6.0,1.0,0.0,1.0,3.0,20.0,14.3,6.0,0,1.032,1.098,0.144,10.2,0
71,0,9.0,22.0,0.409,4.0,-5,11.0,0.364,4.0,4.0,1.0,2.0,1.0,3.0,8.0,0.0,0.0,2.0,2.0,26.0,18.7,1.0,0,1.014,1.062,0.141,9.3,0
72,1,6.0,19.0,0.316,1.0,3,7.0,0.143,11.0,11.0,1.0,5.0,2.0,7.0,5.0,3.0,0.0,2.0,1.0,24.0,21.3,16.0,0,1.037,1.11,0.159,11.2,0
73,1,18.0,33.0,0.545,3.0,4,9.0,0.333,2.0,2.0,1.0,2.0,7.0,9.0,6.0,4.0,0.0,0.0,3.0,41.0,35.6,8.0,0,1.053,1.086,0.137,10.8,1
74,0,,,,,-5,,,,,,,,,,,,,,,,,0,1.074,1.134,0.15,10.7,0
75,1,5.0,16.0,0.313,2.0,9,10.0,0.2,5.0,6.0,0.833,1.0,6.0,7.0,11.0,0.0,0.0,2.0,2.0,17.0,14.8,9.0,0,1.068,1.106,0.138,10.7,0
76,1,7.0,15.0,0.467,2.0,15,8.0,0.25,11.0,11.0,1.0,1.0,2.0,3.0,9.0,2.0,0.0,0.0,0.0,27.0,28.9,37.0,0,1.074,1.134,0.15,10.7,0
77,0,6.0,20.0,0.3,2.0,-6,10.0,0.2,15.0,15.0,1.0,1.0,4.0,5.0,8.0,2.0,1.0,0.0,2.0,29.0,26.8,-4.0,0,1.066,1.121,0.139,10.7,1
78,0,,,,,-2,,,,,,,,,,,,,,,,,0,1.032,1.098,0.144,10.2,0
79,0,11.0,22.0,0.5,6.0,-11,12.0,0.5,5.0,5.0,1.0,2.0,1.0,3.0,5.0,0.0,0.0,7.0,0.0,33.0,20.2,-18.0,0,1.022,1.075,0.143,9.2,1
80,0,8.0,22.0,0.364,2.0,-6,10.0,0.2,7.0,11.0,0.636,1.0,3.0,4.0,3.0,1.0,0.0,3.0,3.0,25.0,11.7,-9.0,0,1.076,1.125,0.137,10.9,0
81,1,13.0,25.0,0.52,4.0,9,10.0,0.4,6.0,6.0,1.0,0.0,1.0,1.0,10.0,1.0,0.0,0.0,0.0,36.0,32.0,10.0,0,1.013,1.078,0.148,9.8,1
82,0,6.0,23.0,0.261,4.0,-2,9.0,0.444,2.0,2.0,1.0,1.0,6.0,7.0,7.0,2.0,0.0,0.0,2.0,18.0,12.9,-7.0,1,1.053,1.086,0.137,10.8,0
83,0,7.0,18.0,0.389,1.0,-9,7.0,0.143,2.0,2.0,1.0,2.0,1.0,3.0,4.0,1.0,0.0,7.0,2.0,17.0,4.9,-4.0,1,1.053,1.086,0.137,10.8,0
84,0,5.0,14.0,0.357,3.0,-17,9.0,0.333,7.0,8.0,0.875,0.0,3.0,3.0,2.0,0.0,0.0,8.0,1.0,20.0,5.7,-24.0,1,1.053,1.086,0.137,10.8,0
85,0,7.0,16.0,0.438,1.0,-8,5.0,0.2,4.0,5.0,0.8,0.0,5.0,5.0,6.0,2.0,0.0,1.0,3.0,19.0,15.7,-7.0,1,1.053,1.086,0.137,10.8,0
86,1,9.0,21.0,0.429,2.0,9,7.0,0.286,8.0,8.0,1.0,1.0,5.0,6.0,4.0,1.0,1.0,3.0,0.0,28.0,20.6,-8.0,0,1.063,1.096,0.133,11.8,1
87,1,9.0,15.0,0.6,3.0,13,6.0,0.5,8.0,8.0,1.0,0.0,2.0,2.0,9.0,0.0,0.0,0.0,0.0,29.0,29.0,18.0,0,1.083,1.106,0.118,11.6,1
88,0,7.0,21.0,0.333,2.0,-1,10.0,0.2,13.0,15.0,0.867,0.0,8.0,8.0,8.0,1.0,0.0,5.0,1.0,29.0,19.9,1.0,0,1.105,1.152,0.149,12.1,1
89,1,13.0,23.0,0.565,5.0,14,10.0,0.5,10.0,12.0,0.833,2.0,5.0,7.0,6.0,1.0,0.0,1.0,0.0,41.0,36.4,15.0,0,1.052,1.096,0.128,10.6,1
90,0,15.0,28.0,0.536,5.0,-9,11.0,0.455,7.0,7.0,1.0,2.0,5.0,7.0,6.0,0.0,0.0,1.0,3.0,42.0,33.3,-1.0,0,1.042,1.086,0.139,11.9,1
91,1,5.0,13.0,0.385,2.0,10,7.0,0.286,4.0,4.0,1.0,0.0,1.0,1.0,2.0,0.0,1.0,3.0,4.0,16.0,6.7,-13.0,0,1.032,1.09,0.155,11.4,0
92,1,8.0,10.0,0.8,1.0,19,2.0,0.5,5.0,5.0,1.0,0.0,3.0,3.0,7.0,1.0,0.0,3.0,2.0,22.0,21.2,20.0,0,1.066,1.109,0.147,10.2,0
93,1,7.0,16.0,0.438,4.0,13,7.0,0.571,8.0,8.0,1.0,2.0,5.0,7.0,6.0,1.0,0.0,4.0,3.0,26.0,20.5,12.0,0,1.093,1.123,0.127,12.3,0
94,0,10.0,23.0,0.435,2.0,-4,9.0,0.222,8.0,8.0,1.0,1.0,3.0,4.0,4.0,3.0,0.0,0.0,1.0,30.0,24.9,16.0,0,1.063,1.096,0.133,11.8,1
95,1,6.0,16.0,0.375,1.0,30,4.0,0.25,5.0,6.0,0.833,0.0,5.0,5.0,5.0,1.0,0.0,0.0,0.0,18.0,14.8,19.0,0,1.092,1.132,0.141,12.7,0
96,1,5.0,15.0,0.333,3.0,15,7.0,0.429,0.0,0.0,,1.0,5.0,6.0,3.0,0.0,1.0,2.0,2.0,13.0,6.7,12.0,0,1.019,1.053,0.124,13.0,0
97,1,11.0,25.0,0.44,3.0,11,7.0,0.429,0.0,0.0,,1.0,3.0,4.0,4.0,1.0,1.0,2.0,1.0,25.0,15.6,5.0,0,1.086,1.109,0.125,10.5,0
98,1,7.0,15.0,0.467,2.0,6,7.0,0.286,3.0,3.0,1.0,0.0,5.0,5.0,12.0,0.0,0.0,4.0,1.0,19.0,16.8,15.0,0,1.042,1.087,0.144,11.6,0
99,0,8.0,23.0,0.348,3.0,-9,9.0,0.333,12.0,13.0,0.923,1.0,7.0,8.0,11.0,0.0,1.0,2.0,2.0,31.0,26.1,-7.0,0,1.063,1.096,0.133,11.8,1
100,0,5.0,18.0,0.278,1.0,-16,7.0,0.143,5.0,6.0,0.833,2.0,4.0,6.0,5.0,0.0,0.0,5.0,2.0,16.0,5.3,-21.0,0,1.092,1.132,0.141,12.7,0
101,1,12.0,29.0,0.414,3.0,10,10.0,0.3,13.0,15.0,0.867,2.0,4.0,6.0,5.0,1.0,0.0,1.0,2.0,40.0,29.0,17.0,0,1.105,1.152,0.149,12.1,1
102,1,9.0,22.0,0.409,3.0,4,9.0,0.333,8.0,10.0,0.8,1.0,5.0,6.0,8.0,2.0,0.0,4.0,2.0,29.0,21.4,8.0,0,1.101,1.127,0.128,11.8,1
103,0,5.0,12.0,0.417,1.0,-43,6.0,0.167,11.0,13.0,0.846,0.0,4.0,4.0,5.0,0.0,2.0,4.0,2.0,22.0,16.1,-25.0,0,1.019,1.053,0.124,13.0,0
104,0,9.0,24.0,0.375,3.0,-28,7.0,0.429,2.0,3.0,0.667,0.0,2.0,2.0,8.0,2.0,1.0,2.0,1.0,23.0,15.9,-19.0,0,1.066,1.092,0.132,12.0,0
105,0,12.0,27.0,0.444,3.0,-4,13.0,0.231,3.0,4.0,0.75,1.0,5.0,6.0,4.0,0.0,0.0,3.0,3.0,30.0,16.3,-13.0,0,1.086,1.109,0.125,10.5,1
106,1,13.0,22.0,0.591,10.0,3,15.0,0.667,5.0,7.0,0.714,0.0,8.0,8.0,4.0,2.0,1.0,3.0,2.0,41.0,34.1,15.0,0,1.052,1.096,0.128,10.6,1
107,0,6.0,16.0,0.375,3.0,-1,8.0,0.375,0.0,0.0,,0.0,1.0,1.0,8.0,0.0,0.0,1.0,1.0,15.0,10.7,-4.0,0,1.059,1.095,0.129,10.5,0
108,0,12.0,28.0,0.429,3.0,-13,11.0,0.273,10.0,10.0,1.0,0.0,2.0,2.0,10.0,2.0,0.0,1.0,2.0,37.0,30.0,-7.0,0,1.083,1.106,0.118,11.6,1
109,0,10.0,23.0,0.435,2.0,-9,8.0,0.25,11.0,12.0,0.917,2.0,6.0,8.0,8.0,1.0,2.0,6.0,5.0,33.0,23.7,-12.0,0,1.072,1.105,0.126,11.2,1
110,1,8.0,14.0,0.571,3.0,22,5.0,0.6,6.0,7.0,0.857,1.0,4.0,5.0,8.0,1.0,1.0,4.0,1.0,25.0,22.8,31.0,0,1.114,1.154,0.149,11.1,0
111,1,8.0,16.0,0.5,4.0,8,9.0,0.444,8.0,9.0,0.889,1.0,7.0,8.0,6.0,1.0,0.0,3.0,1.0,28.0,24.2,15.0,0,1.092,1.132,0.141,12.7,1
112,0,12.0,25.0,0.48,4.0,-7,7.0,0.571,6.0,7.0,0.857,1.0,1.0,2.0,2.0,0.0,0.0,3.0,3.0,34.0,19.1,7.0,0,1.066,1.109,0.147,10.2,1
113,0,4.0,18.0,0.222,1.0,-9,5.0,0.2,5.0,7.0,0.714,1.0,6.0,7.0,3.0,2.0,0.0,4.0,2.0,14.0,4.0,-4.0,0,1.055,1.116,0.151,11.6,0
114,1,8.0,10.0,0.8,3.0,6,3.0,1.0,5.0,5.0,1.0,0.0,2.0,2.0,4.0,1.0,1.0,1.0,2.0,24.0,23.5,-4.0,0,1.033,1.077,0.145,10.8,0
115,1,11.0,20.0,0.55,6.0,4,7.0,0.857,11.0,13.0,0.846,0.0,3.0,3.0,6.0,2.0,0.0,2.0,4.0,39.0,32.1,15.0,0,1.086,1.109,0.125,10.5,1
116,1,9.0,18.0,0.5,5.0,7,8.0,0.625,1.0,1.0,1.0,0.0,5.0,5.0,4.0,2.0,2.0,4.0,1.0,24.0,18.3,-11.0,0,1.055,1.116,0.151,11.6,0
117,0,7.0,16.0,0.438,4.0,-30,8.0,0.5,1.0,2.0,0.5,3.0,1.0,4.0,2.0,3.0,2.0,4.0,0.0,19.0,14.4,-10.0,0,1.027,1.078,0.134,10.1,0
118,1,11.0,24.0,0.458,2.0,3,7.0,0.286,9.0,9.0,1.0,0.0,2.0,2.0,7.0,0.0,1.0,2.0,3.0,33.0,23.6,0.0,0,1.072,1.105,0.126,11.2,1
119,0,9.0,21.0,0.429,2.0,-21,5.0,0.4,0.0,0.0,,2.0,3.0,5.0,4.0,0.0,1.0,1.0,3.0,20.0,12.5,-13.0,0,1.027,1.078,0.134,10.1,0
120,1,7.0,20.0,0.35,3.0,1,8.0,0.375,4.0,4.0,1.0,0.0,1.0,1.0,5.0,1.0,0.0,1.0,2.0,21.0,12.8,-1.0,0,1.066,1.092,0.132,12.0,0
121,0,14.0,23.0,0.609,6.0,-10,13.0,0.462,6.0,7.0,0.857,1.0,1.0,2.0,5.0,1.0,0.0,3.0,5.0,40.0,29.6,3.0,0,1.066,1.092,0.132,12.0,1
122,1,6.0,10.0,0.6,3.0,34,6.0,0.5,0.0,0.0,,0.0,7.0,7.0,5.0,0.0,0.0,7.0,0.0,15.0,9.0,28.0,0,1.061,1.087,0.121,10.3,0
123,1,8.0,21.0,0.381,1.0,5,9.0,0.111,8.0,8.0,1.0,1.0,5.0,6.0,6.0,1.0,0.0,5.0,0.0,25.0,15.9,10.0,0,1.082,1.129,0.149,12.0,0
124,0,7.0,19.0,0.368,1.0,-2,8.0,0.125,8.0,9.0,0.889,0.0,0.0,0.0,8.0,2.0,0.0,4.0,4.0,23.0,14.1,-7.0,0,1.039,1.11,0.155,11.3,0
125,1,5.0,15.0,0.333,2.0,9,5.0,0.4,5.0,6.0,0.833,1.0,4.0,5.0,12.0,2.0,0.0,4.0,1.0,17.0,16.0,13.0,0,1.066,1.109,0.147,10.2,0
126,1,5.0,14.0,0.357,2.0,10,6.0,0.333,5.0,5.0,1.0,1.0,3.0,4.0,9.0,1.0,0.0,4.0,1.0,17.0,13.7,10.0,0,1.101,1.127,0.128,11.8,0
127,1,4.0,12.0,0.333,2.0,12,5.0,0.4,6.0,6.0,1.0,0.0,1.0,1.0,10.0,1.0,0.0,2.0,0.0,16.0,15.5,7.0,0,1.101,1.137,0.129,12.1,0
128,1,8.0,16.0,0.5,2.0,31,7.0,0.286,2.0,2.0,1.0,2.0,2.0,4.0,5.0,3.0,4.0,2.0,2.0,20.0,20.5,26.0,0,1.09,1.132,0.132,12.1,0
129,0,8.0,21.0,0.381,2.0,-3,10.0,0.2,8.0,8.0,1.0,1.0,3.0,4.0,7.0,0.0,0.0,2.0,1.0,26.0,18.6,-7.0,0,1.059,1.095,0.129,10.5,0
130,0,11.0,27.0,0.407,4.0,-8,12.0,0.333,9.0,9.0,1.0,1.0,2.0,3.0,5.0,1.0,0.0,6.0,1.0,35.0,19.9,6.0,0,1.082,1.129,0.149,12.0,1
131,1,11.0,19.0,0.579,4.0,17,6.0,0.667,7.0,7.0,1.0,0.0,2.0,2.0,6.0,0.0,0.0,0.0,2.0,33.0,28.1,23.0,0,1.141,1.177,0.125,12.0,1
132,1,8.0,20.0,0.4,2.0,16,9.0,0.222,6.0,8.0,0.75,3.0,2.0,5.0,8.0,1.0,0.0,2.0,0.0,24.0,19.7,16.0,0,1.093,1.123,0.127,12.3,0
133,1,10.0,20.0,0.5,1.0,5,5.0,0.2,5.0,6.0,0.833,1.0,7.0,8.0,8.0,0.0,0.0,2.0,2.0,26.0,21.2,9.0,0,1.027,1.078,0.134,10.1,0
134,0,12.0,24.0,0.5,2.0,-9,10.0,0.2,8.0,8.0,1.0,1.0,4.0,5.0,8.0,5.0,0.0,5.0,4.0,34.0,27.9,3.0,0,1.039,1.11,0.155,11.3,1
135,1,7.0,16.0,0.438,1.0,14,3.0,0.333,9.0,9.0,1.0,0.0,3.0,3.0,3.0,2.0,2.0,2.0,2.0,24.0,19.2,17.0,0,1.114,1.154,0.149,11.1,0
136,1,,,,,9,,,,,,,,,,,,,,,,,0,1.102,1.149,0.139,12.4,0
137,1,12.0,21.0,0.571,3.0,27,7.0,0.429,9.0,9.0,1.0,0.0,8.0,8.0,11.0,2.0,0.0,3.0,2.0,36.0,34.4,29.0,0,1.027,1.078,0.134,10.1,1
138,0,5.0,15.0,0.333,2.0,-10,10.0,0.2,1.0,2.0,0.5,0.0,3.0,3.0,10.0,1.0,0.0,4.0,3.0,13.0,7.8,-16.0,0,1.042,1.086,0.139,11.9,0
139,1,10.0,20.0,0.5,0.0,9,7.0,0.0,4.0,4.0,1.0,0.0,2.0,2.0,9.0,5.0,0.0,2.0,2.0,24.0,23.1,9.0,0,1.083,1.106,0.118,11.6,0
140,0,10.0,23.0,0.435,6.0,-1,11.0,0.545,4.0,4.0,1.0,0.0,3.0,3.0,5.0,2.0,0.0,5.0,1.0,30.0,18.9,2.0,0,1.072,1.105,0.126,11.2,1
141,0,9.0,22.0,0.409,3.0,-9,8.0,0.375,10.0,11.0,0.909,1.0,6.0,7.0,6.0,2.0,1.0,4.0,4.0,31.0,22.6,8.0,0,1.039,1.11,0.155,11.3,1
142,1,9.0,15.0,0.6,6.0,22,8.0,0.75,5.0,6.0,0.833,1.0,2.0,3.0,8.0,0.0,0.0,0.0,1.0,29.0,28.2,8.0,0,1.066,1.092,0.132,12.0,1
143,1,5.0,21.0,0.238,2.0,14,9.0,0.222,1.0,1.0,1.0,4.0,4.0,8.0,8.0,2.0,0.0,1.0,2.0,13.0,10.1,30.0,0,1.065,1.091,0.129,10.3,0
144,1,5.0,10.0,0.5,1.0,15,5.0,0.2,6.0,6.0,1.0,1.0,5.0,6.0,8.0,1.0,0.0,1.0,1.0,17.0,19.4,24.0,0,1.061,1.087,0.121,10.3,0
145,1,6.0,13.0,0.462,3.0,13,9.0,0.333,6.0,6.0,1.0,0.0,4.0,4.0,8.0,0.0,2.0,4.0,3.0,21.0,17.3,11.0,0,1.141,1.177,0.125,12.0,0
146,1,13.0,28.0,0.464,3.0,5,10.0,0.3,4.0,4.0,1.0,3.0,4.0,7.0,4.0,1.0,0.0,1.0,2.0,33.0,23.9,9.0,0,1.042,1.087,0.144,11.6,1
147,0,8.0,17.0,0.471,3.0,-2,6.0,0.5,5.0,6.0,0.833,1.0,7.0,8.0,6.0,0.0,0.0,1.0,2.0,24.0,20.1,-9.0,0,1.033,1.077,0.145,10.8,0
148,1,9.0,20.0,0.45,4.0,10,10.0,0.4,1.0,1.0,1.0,1.0,2.0,3.0,2.0,2.0,0.0,2.0,4.0,23.0,13.7,5.0,0,1.09,1.132,0.132,12.1,0
149,0,8.0,18.0,0.444,3.0,-9,10.0,0.3,5.0,5.0,1.0,1.0,1.0,2.0,8.0,0.0,0.0,5.0,4.0,24.0,14.6,-10.0,0,1.055,1.116,0.151,11.6,0
150,0,15.0,28.0,0.536,3.0,-8,10.0,0.3,18.0,20.0,0.9,1.0,4.0,5.0,9.0,1.0,2.0,3.0,3.0,51.0,43.0,-5.0,0,1.039,1.11,0.155,11.3,1
151,1,4.0,11.0,0.364,2.0,7,4.0,0.5,8.0,9.0,0.889,0.0,2.0,2.0,9.0,0.0,0.0,0.0,2.0,18.0,17.6,19.0,0,1.114,1.154,0.149,11.1,0
152,1,8.0,14.0,0.571,3.0,21,6.0,0.5,1.0,1.0,1.0,0.0,3.0,3.0,12.0,2.0,0.0,3.0,2.0,20.0,20.9,12.0,0,1.086,1.109,0.125,10.5,0
153,1,8.0,18.0,0.444,4.0,12,9.0,0.444,4.0,4.0,1.0,2.0,2.0,4.0,7.0,2.0,0.0,2.0,0.0,24.0,21.5,10.0,0,1.093,1.123,0.127,12.3,0
154,0,13.0,29.0,0.448,3.0,-5,10.0,0.3,5.0,5.0,1.0,0.0,6.0,6.0,5.0,1.0,0.0,1.0,3.0,34.0,23.0,3.0,0,1.083,1.106,0.118,11.6,1
155,1,9.0,16.0,0.563,4.0,8,9.0,0.444,8.0,9.0,0.889,0.0,2.0,2.0,15.0,3.0,1.0,6.0,3.0,30.0,29.6,17.0,0,1.032,1.09,0.155,11.4,1
156,1,9.0,18.0,0.5,6.0,8,12.0,0.5,9.0,10.0,0.9,2.0,3.0,5.0,12.0,2.0,0.0,1.0,1.0,33.0,34.9,24.0,0,1.072,1.105,0.126,11.2,1
157,1,9.0,16.0,0.563,6.0,5,10.0,0.6,4.0,5.0,0.8,2.0,4.0,6.0,9.0,0.0,0.0,4.0,1.0,28.0,24.5,3.0,0,1.063,1.12,0.139,9.7,1
158,1,10.0,30.0,0.333,4.0,4,16.0,0.25,7.0,8.0,0.875,3.0,3.0,6.0,12.0,1.0,0.0,0.0,3.0,31.0,24.8,13.0,0,1.065,1.091,0.129,10.3,1
159,1,3.0,12.0,0.25,1.0,20,6.0,0.167,4.0,4.0,1.0,1.0,5.0,6.0,7.0,0.0,0.0,1.0,1.0,11.0,9.5,20.0,0,1.101,1.137,0.129,12.1,0
160,1,13.0,25.0,0.52,4.0,20,10.0,0.4,6.0,6.0,1.0,0.0,3.0,3.0,7.0,0.0,1.0,2.0,1.0,36.0,27.8,18.0,0,1.102,1.149,0.139,12.4,1
161,0,8.0,25.0,0.32,3.0,-9,8.0,0.375,4.0,4.0,1.0,1.0,7.0,8.0,3.0,1.0,1.0,3.0,2.0,23.0,11.5,-12.0,0,1.063,1.12,0.139,9.7,0
162,1,6.0,17.0,0.353,3.0,10,6.0,0.5,0.0,1.0,0.0,0.0,5.0,5.0,12.0,0.0,0.0,5.0,2.0,15.0,9.2,3.0,0,1.092,1.132,0.141,12.7,0
163,1,8.0,18.0,0.444,2.0,27,7.0,0.286,2.0,2.0,1.0,0.0,7.0,7.0,10.0,1.0,0.0,3.0,0.0,20.0,17.7,25.0,0,1.055,1.116,0.151,11.6,0
164,0,3.0,14.0,0.214,0.0,-9,6.0,0.0,8.0,9.0,0.889,0.0,4.0,4.0,8.0,0.0,0.0,2.0,3.0,14.0,8.6,5.0,0,1.059,1.095,0.129,10.5,0
165,1,9.0,19.0,0.474,5.0,7,11.0,0.455,7.0,7.0,1.0,1.0,5.0,6.0,5.0,0.0,0.0,1.0,1.0,30.0,24.6,11.0,0,1.059,1.095,0.129,10.5,1
166,1,6.0,16.0,0.375,3.0,3,10.0,0.3,5.0,5.0,1.0,1.0,3.0,4.0,8.0,3.0,1.0,3.0,0.0,20.0,19.1,3.0,0,1.063,1.096,0.133,11.8,0
167,1,,,,,5,,,,,,,,,,,,,,,,,0,1.082,1.129,0.149,12.0,0
168,1,9.0,21.0,0.429,5.0,5,11.0,0.455,7.0,8.0,0.875,0.0,4.0,4.0,4.0,3.0,0.0,6.0,2.0,30.0,18.7,11.0,1,1.039,1.11,0.155,11.3,1
169,1,10.0,21.0,0.476,4.0,20,8.0,0.5,5.0,7.0,0.714,0.0,4.0,4.0,6.0,3.0,2.0,2.0,1.0,29.0,24.9,27.0,1,1.039,1.11,0.155,11.3,1
170,0,10.0,21.0,0.476,3.0,-12,9.0,0.333,9.0,10.0,0.9,1.0,3.0,4.0,6.0,2.0,0.0,4.0,3.0,32.0,23.5,-8.0,1,1.039,1.11,0.155,11.3,1
171,1,7.0,19.0,0.368,4.0,13,8.0,0.5,6.0,6.0,1.0,0.0,3.0,3.0,8.0,1.0,0.0,4.0,5.0,24.0,15.0,16.0,1,1.039,1.11,0.155,11.3,0
172,1,17.0,33.0,0.515,10.0,3,18.0,0.556,6.0,8.0,0.75,2.0,5.0,7.0,6.0,3.0,1.0,6.0,2.0,50.0,36.9,9.0,1,1.039,1.11,0.155,11.3,1
173,0,12.0,21.0,0.571,4.0,-8,12.0,0.333,11.0,13.0,0.846,0.0,3.0,3.0,6.0,1.0,0.0,6.0,2.0,39.0,27.6,-6.0,1,1.059,1.095,0.129,10.5,1
174,1,5.0,17.0,0.294,1.0,7,7.0,0.143,3.0,4.0,0.75,0.0,4.0,4.0,4.0,2.0,1.0,3.0,2.0,14.0,6.6,4.0,1,1.059,1.095,0.129,10.5,0
175,1,10.0,24.0,0.417,2.0,3,9.0,0.222,6.0,6.0,1.0,2.0,4.0,6.0,8.0,2.0,0.0,2.0,2.0,28.0,22.6,4.0,1,1.059,1.095,0.129,10.5,1
176,0,9.0,22.0,0.409,2.0,-4,7.0,0.286,8.0,11.0,0.727,0.0,3.0,3.0,7.0,2.0,0.0,2.0,3.0,28.0,19.6,-8.0,1,1.059,1.095,0.129,10.5,1
177,0,9.0,21.0,0.429,2.0,-26,9.0,0.222,2.0,5.0,0.4,0.0,6.0,6.0,4.0,1.0,1.0,1.0,2.0,22.0,14.2,-22.0,1,1.059,1.095,0.129,10.5,0
178,1,11.0,23.0,0.478,6.0,11,13.0,0.462,4.0,4.0,1.0,1.0,2.0,3.0,5.0,1.0,0.0,5.0,4.0,32.0,19.5,-2.0,1,1.059,1.095,0.129,10.5,1
179,1,3.0,17.0,0.176,2.0,4,9.0,0.222,5.0,6.0,0.833,0.0,10.0,10.0,8.0,3.0,0.0,1.0,3.0,13.0,11.3,8.0,1,1.059,1.095,0.129,10.5,0
180,0,4.0,12.0,0.333,2.0,-22,5.0,0.4,9.0,9.0,1.0,0.0,4.0,4.0,6.0,0.0,0.0,7.0,3.0,19.0,9.4,-12.0,1,1.066,1.092,0.132,12.0,0
181,0,6.0,16.0,0.375,5.0,-3,12.0,0.417,6.0,7.0,0.857,1.0,4.0,5.0,10.0,1.0,0.0,2.0,1.0,23.0,21.3,-7.0,1,1.066,1.092,0.132,12.0,0
182,0,5.0,18.0,0.278,3.0,-11,9.0,0.333,6.0,8.0,0.75,0.0,6.0,6.0,6.0,2.0,0.0,5.0,3.0,19.0,9.4,-23.0,1,1.066,1.092,0.132,12.0,0
183,0,11.0,24.0,0.458,4.0,-2,12.0,0.333,2.0,2.0,1.0,1.0,3.0,4.0,12.0,0.0,0.0,4.0,2.0,28.0,20.8,-4.0,1,1.066,1.092,0.132,12.0,1
184,0,10.0,21.0,0.476,3.0,-8,10.0,0.3,9.0,10.0,0.9,1.0,3.0,4.0,8.0,1.0,0.0,3.0,3.0,32.0,24.9,0.0,0,1.059,1.133,0.14,12.1,1
185,1,12.0,20.0,0.6,3.0,10,7.0,0.429,8.0,8.0,1.0,0.0,5.0,5.0,5.0,3.0,0.0,3.0,4.0,35.0,29.2,23.0,0,1.082,1.155,0.148,12.4,1
186,1,10.0,20.0,0.5,1.0,2,7.0,0.143,7.0,9.0,0.778,0.0,3.0,3.0,5.0,1.0,1.0,2.0,3.0,28.0,20.1,-1.0,0,1.072,1.113,0.115,12.4,1
187,0,9.0,28.0,0.321,3.0,-3,10.0,0.3,7.0,8.0,0.875,0.0,9.0,9.0,7.0,0.0,2.0,1.0,3.0,28.0,18.4,4.0,0,1.083,1.142,0.126,13.1,1
188,1,7.0,19.0,0.368,4.0,3,9.0,0.444,5.0,6.0,0.833,1.0,6.0,7.0,13.0,2.0,0.0,1.0,2.0,23.0,23.9,9.0,0,1.039,1.098,0.137,11.9,0
189,0,11.0,16.0,0.688,8.0,-1,11.0,0.727,3.0,3.0,1.0,0.0,5.0,5.0,9.0,2.0,0.0,7.0,1.0,33.0,28.6,7.0,0,1.061,1.112,0.133,10.5,1
190,0,15.0,26.0,0.577,5.0,-9,13.0,0.385,4.0,4.0,1.0,1.0,1.0,2.0,4.0,0.0,1.0,1.0,0.0,39.0,30.3,-11.0,0,1.066,1.162,0.15,13.5,1
191,0,9.0,23.0,0.391,3.0,-6,10.0,0.3,1.0,2.0,0.5,1.0,5.0,6.0,6.0,3.0,0.0,3.0,2.0,22.0,14.7,-3.0,0,1.086,1.088,0.134,12.3,0
192,0,19.0,33.0,0.576,7.0,-4,16.0,0.438,15.0,15.0,1.0,0.0,4.0,4.0,5.0,0.0,0.0,2.0,1.0,60.0,46.8,4.0,0,1.065,1.092,0.12,12.5,1
193,1,8.0,17.0,0.471,3.0,11,9.0,0.333,11.0,12.0,0.917,1.0,6.0,7.0,6.0,1.0,1.0,4.0,2.0,30.0,24.5,7.0,0,1.102,1.154,0.139,11.9,1
194,0,6.0,10.0,0.6,2.0,-8,5.0,0.4,13.0,14.0,0.929,0.0,4.0,4.0,5.0,2.0,1.0,5.0,1.0,27.0,24.0,-11.0,0,1.082,1.155,0.148,12.4,0
195,0,2.0,12.0,0.167,2.0,-8,7.0,0.286,3.0,3.0,1.0,0.0,1.0,1.0,10.0,0.0,2.0,2.0,3.0,9.0,6.9,-13.0,0,1.033,1.074,0.159,13.2,0
196,1,4.0,19.0,0.211,1.0,5,9.0,0.111,13.0,13.0,1.0,2.0,4.0,6.0,6.0,1.0,0.0,2.0,3.0,22.0,14.9,18.0,0,1.083,1.142,0.126,13.1,0
197,0,4.0,15.0,0.267,1.0,-24,6.0,0.167,4.0,4.0,1.0,0.0,6.0,6.0,11.0,0.0,0.0,4.0,4.0,13.0,8.0,-19.0,0,1.066,1.119,0.152,12.2,0
198,0,,,,,-11,,,,,,,,,,,,,,,,,0,1.093,1.131,0.134,12.2,0
199,0,,,,,-8,,,,,,,,,,,,,,,,,0,1.019,1.054,0.132,14.1,0
200,0,7.0,20.0,0.35,4.0,-6,9.0,0.444,5.0,6.0,0.833,3.0,5.0,8.0,8.0,0.0,1.0,4.0,2.0,23.0,16.5,-5.0,0,1.141,1.165,0.127,12.4,0
201,1,4.0,10.0,0.4,1.0,23,4.0,0.25,4.0,4.0,1.0,0.0,2.0,2.0,12.0,2.0,0.0,1.0,0.0,13.0,17.6,12.0,0,1.101,1.159,0.177,11.2,0
202,1,7.0,15.0,0.467,5.0,17,9.0,0.556,8.0,8.0,1.0,1.0,4.0,5.0,5.0,1.0,0.0,1.0,3.0,27.0,23.5,28.0,0,1.039,1.098,0.137,11.9,0
203,1,9.0,18.0,0.5,3.0,4,11.0,0.273,7.0,9.0,0.778,0.0,2.0,2.0,6.0,0.0,0.0,4.0,1.0,28.0,18.6,-4.0,0,1.101,1.159,0.177,11.2,1
204,0,5.0,15.0,0.333,2.0,-20,9.0,0.222,4.0,5.0,0.8,0.0,2.0,2.0,7.0,1.0,0.0,2.0,2.0,16.0,10.8,-13.0,0,1.086,1.088,0.134,12.3,0
205,1,7.0,12.0,0.583,4.0,11,6.0,0.667,6.0,7.0,0.857,0.0,4.0,4.0,10.0,2.0,1.0,4.0,2.0,24.0,24.1,14.0,0,1.082,1.155,0.148,12.4,0
206,0,9.0,18.0,0.5,2.0,-23,8.0,0.25,9.0,11.0,0.818,0.0,7.0,7.0,8.0,0.0,0.0,4.0,0.0,29.0,22.9,-10.0,0,1.063,1.106,0.151,11.7,1
207,0,8.0,24.0,0.333,2.0,-12,12.0,0.167,8.0,8.0,1.0,0.0,3.0,3.0,7.0,1.0,0.0,3.0,3.0,26.0,15.0,-9.0,0,1.039,1.098,0.137,11.9,0
208,1,9.0,15.0,0.6,8.0,28,12.0,0.667,5.0,5.0,1.0,0.0,2.0,2.0,6.0,0.0,0.0,3.0,2.0,31.0,25.1,28.0,0,1.101,1.143,0.134,13.3,1
209,0,5.0,16.0,0.313,2.0,-15,9.0,0.222,1.0,2.0,0.5,1.0,1.0,2.0,11.0,1.0,0.0,2.0,0.0,13.0,11.1,-11.0,0,1.059,1.133,0.14,12.1,0
210,1,9.0,21.0,0.429,3.0,1,8.0,0.375,6.0,7.0,0.857,0.0,1.0,1.0,5.0,0.0,0.0,4.0,4.0,27.0,13.7,10.0,0,1.114,1.145,0.149,11.6,0
211,1,9.0,20.0,0.45,2.0,10,8.0,0.25,11.0,13.0,0.846,1.0,4.0,5.0,13.0,1.0,1.0,3.0,1.0,31.0,29.1,11.0,0,1.066,1.162,0.15,13.5,1
212,1,13.0,21.0,0.619,7.0,15,13.0,0.538,3.0,3.0,1.0,0.0,3.0,3.0,6.0,1.0,0.0,5.0,1.0,36.0,27.2,28.0,0,1.052,1.128,0.144,12.5,1
213,1,10.0,25.0,0.4,3.0,7,12.0,0.25,6.0,9.0,0.667,0.0,3.0,3.0,7.0,1.0,1.0,3.0,0.0,29.0,18.8,5.0,0,1.092,1.148,0.143,11.6,1
214,0,6.0,21.0,0.286,0.0,-8,10.0,0.0,6.0,6.0,1.0,0.0,3.0,3.0,7.0,2.0,0.0,3.0,1.0,18.0,10.1,-14.0,0,1.093,1.131,0.134,12.2,0
215,0,10.0,21.0,0.476,7.0,-6,13.0,0.538,7.0,8.0,0.875,1.0,3.0,4.0,8.0,0.0,0.0,1.0,4.0,34.0,27.5,-26.0,0,1.027,1.102,0.121,11.3,1
216,0,7.0,17.0,0.412,4.0,-8,13.0,0.308,13.0,14.0,0.929,0.0,2.0,2.0,9.0,1.0,1.0,3.0,4.0,31.0,25.5,-5.0,0,1.063,1.106,0.151,11.7,1
217,0,10.0,20.0,0.5,5.0,-6,12.0,0.417,8.0,12.0,0.667,1.0,4.0,5.0,7.0,1.0,0.0,2.0,1.0,33.0,26.8,3.0,0,1.114,1.145,0.149,11.6,1
218,0,5.0,20.0,0.25,1.0,-24,8.0,0.125,0.0,0.0,,1.0,9.0,10.0,8.0,1.0,0.0,2.0,1.0,11.0,6.6,-10.0,0,1.101,1.143,0.134,13.3,0
219,1,10.0,20.0,0.5,2.0,19,6.0,0.333,13.0,14.0,0.929,0.0,3.0,3.0,3.0,1.0,0.0,1.0,1.0,35.0,27.2,29.0,0,1.105,1.181,0.152,12.4,1
220,0,11.0,22.0,0.5,6.0,-11,12.0,0.5,6.0,7.0,0.857,0.0,1.0,1.0,12.0,3.0,0.0,3.0,1.0,34.0,30.9,-13.0,0,1.042,1.118,0.137,12.9,1
221,1,5.0,11.0,0.455,4.0,2,7.0,0.571,6.0,6.0,1.0,0.0,4.0,4.0,9.0,0.0,2.0,4.0,0.0,20.0,19.2,8.0,0,1.033,1.074,0.159,13.2,0
222,0,6.0,18.0,0.333,3.0,-14,10.0,0.3,5.0,6.0,0.833,2.0,2.0,4.0,8.0,0.0,0.0,0.0,0.0,20.0,17.0,-15.0,0,1.092,1.148,0.143,11.6,0
223,0,10.0,20.0,0.5,3.0,-21,8.0,0.375,3.0,3.0,1.0,1.0,2.0,3.0,5.0,0.0,0.0,3.0,2.0,26.0,17.0,-12.0,0,1.019,1.054,0.132,14.1,0
224,1,10.0,16.0,0.625,5.0,3,10.0,0.5,5.0,7.0,0.714,0.0,3.0,3.0,9.0,0.0,0.0,4.0,1.0,30.0,24.8,-7.0,0,1.09,1.139,0.144,12.4,1
225,1,8.0,20.0,0.4,1.0,10,8.0,0.125,8.0,8.0,1.0,1.0,6.0,7.0,7.0,2.0,0.0,1.0,3.0,25.0,21.4,4.0,0,1.066,1.119,0.152,12.2,0
226,0,13.0,25.0,0.52,3.0,-8,10.0,0.3,5.0,7.0,0.714,0.0,1.0,1.0,10.0,2.0,0.0,4.0,1.0,34.0,25.8,-5.0,0,1.072,1.113,0.115,12.4,1
227,0,10.0,23.0,0.435,5.0,-13,12.0,0.417,9.0,12.0,0.75,0.0,0.0,0.0,6.0,1.0,0.0,4.0,2.0,34.0,21.1,-16.0,0,1.039,1.098,0.137,11.9,1
228,1,17.0,37.0,0.459,11.0,5,20.0,0.55,16.0,16.0,1.0,0.0,10.0,10.0,7.0,1.0,0.0,2.0,1.0,61.0,48.4,13.0,0,1.066,1.162,0.15,13.5,1
229,0,16.0,28.0,0.571,8.0,-8,15.0,0.533,7.0,7.0,1.0,0.0,6.0,6.0,8.0,1.0,0.0,5.0,0.0,47.0,37.2,-2.0,0,1.072,1.113,0.115,12.4,1
230,1,14.0,23.0,0.609,8.0,10,12.0,0.667,14.0,16.0,0.875,0.0,6.0,6.0,13.0,1.0,0.0,1.0,0.0,50.0,49.6,19.0,0,1.032,1.093,0.143,11.5,1
231,1,11.0,21.0,0.524,6.0,13,12.0,0.5,8.0,10.0,0.8,1.0,9.0,10.0,11.0,1.0,0.0,8.0,3.0,36.0,27.8,6.0,0,1.066,1.119,0.152,12.2,1
232,1,17.0,30.0,0.567,7.0,8,12.0,0.583,7.0,8.0,0.875,1.0,8.0,9.0,10.0,2.0,0.0,1.0,1.0,48.0,44.1,12.0,0,1.063,1.106,0.151,11.7,1
233,1,17.0,29.0,0.586,9.0,17,15.0,0.6,8.0,8.0,1.0,0.0,2.0,2.0,12.0,1.0,0.0,2.0,2.0,51.0,44.7,17.0,0,1.027,1.102,0.121,11.3,1
234,0,8.0,23.0,0.348,1.0,-28,6.0,0.167,4.0,4.0,1.0,1.0,1.0,2.0,9.0,1.0,0.0,0.0,0.0,21.0,16.4,-23.0,0,1.059,1.133,0.14,12.1,0
235,1,9.0,20.0,0.45,3.0,8,9.0,0.333,5.0,5.0,1.0,0.0,2.0,2.0,10.0,0.0,0.0,7.0,1.0,26.0,15.8,-9.0,0,1.083,1.142,0.126,13.1,0
236,0,16.0,30.0,0.533,8.0,-3,14.0,0.571,2.0,3.0,0.667,1.0,5.0,6.0,6.0,1.0,2.0,4.0,2.0,42.0,31.0,6.0,0,1.027,1.102,0.121,11.3,1
237,1,11.0,23.0,0.478,6.0,6,15.0,0.4,5.0,6.0,0.833,1.0,3.0,4.0,8.0,1.0,1.0,3.0,2.0,33.0,26.0,11.0,0,1.042,1.118,0.137,12.9,1
238,0,6.0,16.0,0.375,0.0,-21,4.0,0.0,8.0,9.0,0.889,1.0,4.0,5.0,6.0,0.0,0.0,3.0,1.0,20.0,13.5,-16.0,0,1.093,1.131,0.134,12.2,0
239,0,7.0,19.0,0.368,2.0,-7,7.0,0.286,4.0,4.0,1.0,2.0,3.0,5.0,10.0,1.0,0.0,4.0,3.0,20.0,14.6,-7.0,0,1.055,1.114,0.139,12.9,0
240,0,,,,,-13,,,,,,,,,,,,,,,,,0,1.093,1.131,0.134,12.2,0
241,1,,,,,3,,,,,,,,,,,,,,,,,0,1.063,1.139,0.138,10.7,0
242,0,,,,,-12,,,,,,,,,,,,,,,,,0,1.042,1.084,0.143,11.7,0
243,0,,,,,-6,,,,,,,,,,,,,,,,,0,1.032,1.093,0.143,11.5,0
244,0,,,,,-12,,,,,,,,,,,,,,,,,0,1.102,1.154,0.139,11.9,0
245,1,,,,,23,,,,,,,,,,,,,,,,,0,1.052,1.128,0.144,12.5,0
246,1,6.0,12.0,0.5,4.0,21,7.0,0.571,6.0,6.0,1.0,2.0,2.0,4.0,5.0,2.0,1.0,3.0,1.0,22.0,20.8,22.0,0,1.105,1.181,0.152,12.4,0
247,0,6.0,16.0,0.375,3.0,-10,7.0,0.429,9.0,10.0,0.9,0.0,3.0,3.0,6.0,0.0,0.0,4.0,2.0,24.0,15.1,-6.0,0,1.114,1.145,0.149,11.6,0
248,0,4.0,15.0,0.267,2.0,-12,10.0,0.2,2.0,4.0,0.5,0.0,3.0,3.0,6.0,2.0,0.0,1.0,1.0,12.0,8.0,-19.0,0,1.082,1.155,0.148,12.4,0
249,1,8.0,17.0,0.471,5.0,16,10.0,0.5,4.0,4.0,1.0,0.0,5.0,5.0,7.0,3.0,2.0,2.0,3.0,25.0,23.9,23.0,0,1.114,1.145,0.149,11.6,0
250,1,10.0,22.0,0.455,2.0,5,9.0,0.222,7.0,9.0,0.778,0.0,5.0,5.0,9.0,0.0,0.0,3.0,4.0,29.0,20.0,2.0,0,1.055,1.114,0.139,12.9,1
251,0,8.0,20.0,0.4,5.0,-4,14.0,0.357,9.0,9.0,1.0,0.0,2.0,2.0,16.0,0.0,1.0,5.0,3.0,30.0,25.5,3.0,0,1.042,1.084,0.143,11.7,1
252,1,6.0,19.0,0.316,3.0,8,7.0,0.429,6.0,7.0,0.857,0.0,9.0,9.0,8.0,2.0,0.0,3.0,1.0,21.0,16.6,3.0,0,1.066,1.119,0.152,12.2,0
253,1,13.0,21.0,0.619,11.0,10,18.0,0.611,8.0,10.0,0.8,0.0,4.0,4.0,12.0,3.0,0.0,2.0,2.0,45.0,44.5,6.0,0,1.059,1.133,0.14,12.1,1
254,0,10.0,23.0,0.435,2.0,-5,10.0,0.2,0.0,2.0,0.0,1.0,2.0,3.0,5.0,1.0,0.0,3.0,2.0,22.0,11.1,-9.0,0,1.086,1.088,0.134,12.3,0
255,1,16.0,28.0,0.571,4.0,3,12.0,0.333,15.0,16.0,0.938,0.0,3.0,3.0,7.0,2.0,0.0,6.0,1.0,51.0,38.8,6.0,0,1.061,1.112,0.133,10.5,1
256,1,17.0,32.0,0.531,9.0,3,17.0,0.529,18.0,18.0,1.0,2.0,3.0,5.0,8.0,1.0,0.0,3.0,2.0,61.0,50.5,8.0,0,1.072,1.113,0.115,12.4,1
257,1,13.0,22.0,0.591,8.0,1,14.0,0.571,8.0,9.0,0.889,0.0,3.0,3.0,12.0,2.0,0.0,1.0,1.0,42.0,41.3,-1.0,0,1.065,1.092,0.12,12.5,1
258,1,9.0,21.0,0.429,6.0,7,13.0,0.462,10.0,10.0,1.0,1.0,4.0,5.0,5.0,0.0,1.0,3.0,1.0,34.0,25.6,19.0,0,1.063,1.106,0.151,11.7,1
259,0,6.0,14.0,0.429,1.0,-23,7.0,0.143,5.0,5.0,1.0,0.0,3.0,3.0,1.0,1.0,0.0,4.0,1.0,18.0,8.8,-29.0,0,1.063,1.106,0.151,11.7,0
260,0,8.0,20.0,0.4,5.0,-8,11.0,0.455,13.0,14.0,0.929,0.0,5.0,5.0,7.0,0.0,0.0,4.0,0.0,34.0,25.2,-8.0,0,1.063,1.106,0.151,11.7,1
261,0,3.0,9.0,0.333,1.0,-20,2.0,0.5,4.0,4.0,1.0,0.0,1.0,1.0,4.0,1.0,0.0,3.0,2.0,11.0,6.2,-25.0,0,1.063,1.106,0.151,11.7,0
262,0,,,,,-9,,,,,,,,,,,,,,,,,0,1.063,1.106,0.151,11.7,0
263,0,4.0,12.0,0.333,1.0,-20,7.0,0.143,0.0,1.0,0.0,0.0,4.0,4.0,7.0,1.0,1.0,1.0,1.0,9.0,8.2,-21.0,0,1.068,1.083,0.112,11.2,0
264,1,11.0,28.0,0.393,5.0,2,13.0,0.385,5.0,5.0,1.0,1.0,4.0,5.0,9.0,1.0,0.0,5.0,1.0,32.0,20.6,9.0,0,1.116,1.169,0.14,13.4,1
265,1,10.0,16.0,0.625,5.0,8,10.0,0.5,6.0,6.0,1.0,0.0,4.0,4.0,5.0,0.0,1.0,5.0,1.0,31.0,23.8,-10.0,0,1.042,1.112,0.147,11.4,1
266,0,3.0,14.0,0.214,0.0,-23,8.0,0.0,14.0,15.0,0.933,1.0,4.0,5.0,4.0,1.0,0.0,4.0,1.0,20.0,12.3,-20.0,0,1.089,1.124,0.127,12.1,0
267,1,11.0,21.0,0.524,6.0,25,10.0,0.6,6.0,6.0,1.0,0.0,4.0,4.0,8.0,1.0,0.0,1.0,3.0,34.0,29.3,33.0,0,1.068,1.112,0.142,12.4,1
268,0,10.0,24.0,0.417,6.0,-15,15.0,0.4,6.0,7.0,0.857,0.0,4.0,4.0,4.0,0.0,0.0,5.0,3.0,32.0,16.6,-10.0,0,1.068,1.112,0.142,12.4,1
269,0,6.0,17.0,0.353,3.0,-3,11.0,0.273,9.0,11.0,0.818,0.0,5.0,5.0,9.0,0.0,0.0,0.0,1.0,24.0,21.1,5.0,0,1.09,1.136,0.124,11.5,0
270,1,13.0,21.0,0.619,7.0,18,12.0,0.583,6.0,7.0,0.857,0.0,7.0,7.0,7.0,3.0,0.0,1.0,0.0,39.0,38.1,12.0,0,1.113,1.172,0.145,13.1,1
271,1,5.0,16.0,0.313,1.0,26,7.0,0.143,6.0,6.0,1.0,0.0,4.0,4.0,6.0,1.0,0.0,0.0,0.0,17.0,14.2,26.0,0,1.138,1.172,0.133,12.4,0
272,1,8.0,16.0,0.5,3.0,1,6.0,0.5,4.0,4.0,1.0,0.0,7.0,7.0,5.0,0.0,1.0,8.0,0.0,23.0,13.3,9.0,0,1.089,1.158,0.157,13.9,0
273,1,11.0,23.0,0.478,6.0,6,15.0,0.4,12.0,12.0,1.0,0.0,1.0,1.0,13.0,3.0,0.0,0.0,2.0,40.0,39.9,9.0,0,1.138,1.172,0.133,12.4,1
274,0,7.0,16.0,0.438,2.0,-24,5.0,0.4,6.0,6.0,1.0,2.0,4.0,6.0,4.0,1.0,0.0,5.0,2.0,22.0,14.2,-6.0,0,1.091,1.128,0.14,11.5,0
275,1,10.0,23.0,0.435,4.0,6,12.0,0.333,12.0,12.0,1.0,0.0,7.0,7.0,7.0,1.0,0.0,3.0,3.0,36.0,27.7,18.0,0,1.094,1.118,0.123,11.7,1
276,0,10.0,23.0,0.435,3.0,-21,10.0,0.3,12.0,12.0,1.0,0.0,3.0,3.0,6.0,1.0,1.0,5.0,2.0,35.0,23.9,-3.0,0,1.095,1.13,0.128,12.2,1
277,1,11.0,17.0,0.647,6.0,3,10.0,0.6,11.0,11.0,1.0,1.0,4.0,5.0,8.0,1.0,0.0,3.0,2.0,39.0,36.2,2.0,0,1.051,1.084,0.127,12.1,1
278,0,8.0,22.0,0.364,3.0,-3,12.0,0.25,7.0,8.0,0.875,2.0,4.0,6.0,10.0,0.0,0.0,3.0,3.0,26.0,18.8,0.0,0,1.11,1.144,0.126,13.6,0
279,0,11.0,23.0,0.478,5.0,-3,11.0,0.455,3.0,4.0,0.75,0.0,4.0,4.0,9.0,0.0,0.0,4.0,0.0,30.0,21.4,1.0,0,1.116,1.169,0.14,13.4,1
280,1,15.0,26.0,0.577,8.0,1,17.0,0.471,6.0,6.0,1.0,0.0,5.0,5.0,9.0,1.0,0.0,4.0,2.0,44.0,35.8,0.0,0,1.09,1.136,0.124,11.5,1
281,0,6.0,13.0,0.462,2.0,-28,7.0,0.286,5.0,5.0,1.0,1.0,2.0,3.0,7.0,1.0,1.0,0.0,0.0,19.0,20.2,-32.0,0,1.075,1.118,0.126,14.2,0
282,1,9.0,23.0,0.391,4.0,11,14.0,0.286,10.0,10.0,1.0,0.0,2.0,2.0,8.0,0.0,1.0,3.0,2.0,32.0,22.6,22.0,0,1.1,1.144,0.134,12.4,1
283,1,,,,,16,,,,,,,,,,,,,,,,,0,1.045,1.102,0.146,11.5,0
284,0,10.0,20.0,0.5,6.0,-11,12.0,0.5,3.0,5.0,0.6,1.0,3.0,4.0,9.0,4.0,0.0,4.0,0.0,29.0,26.1,-6.0,0,1.051,1.084,0.127,12.1,1
285,1,9.0,22.0,0.409,5.0,9,10.0,0.5,13.0,13.0,1.0,1.0,4.0,5.0,2.0,1.0,0.0,2.0,0.0,36.0,26.5,10.0,0,1.113,1.146,0.125,13.7,1
286,1,6.0,21.0,0.286,4.0,4,11.0,0.364,14.0,15.0,0.933,0.0,2.0,2.0,7.0,2.0,0.0,3.0,1.0,30.0,21.4,-8.0,0,1.045,1.102,0.146,11.5,1
287,1,7.0,16.0,0.438,0.0,19,6.0,0.0,6.0,6.0,1.0,0.0,3.0,3.0,9.0,1.0,0.0,4.0,3.0,20.0,14.6,20.0,0,1.11,1.164,0.142,12.4,0
288,1,12.0,26.0,0.462,5.0,3,11.0,0.455,5.0,7.0,0.714,0.0,3.0,3.0,11.0,1.0,0.0,5.0,5.0,34.0,22.4,11.0,0,1.103,1.135,0.125,12.9,1
289,1,12.0,25.0,0.48,5.0,11,14.0,0.357,2.0,3.0,0.667,2.0,5.0,7.0,10.0,2.0,0.0,3.0,5.0,31.0,24.8,17.0,0,1.11,1.144,0.126,13.6,1
290,1,14.0,28.0,0.5,7.0,2,16.0,0.438,8.0,8.0,1.0,1.0,3.0,4.0,16.0,1.0,1.0,4.0,1.0,43.0,39.1,14.0,0,1.104,1.157,0.128,14.5,1
291,0,10.0,30.0,0.333,7.0,-7,17.0,0.412,8.0,8.0,1.0,1.0,5.0,6.0,12.0,1.0,0.0,3.0,1.0,35.0,26.2,4.0,0,1.1,1.144,0.134,12.4,1
292,0,9.0,17.0,0.529,1.0,-32,7.0,0.143,5.0,6.0,0.833,0.0,0.0,0.0,7.0,0.0,0.0,6.0,0.0,24.0,14.2,-29.0,0,1.079,1.115,0.131,11.6,0
293,0,9.0,21.0,0.429,4.0,-5,11.0,0.364,3.0,3.0,1.0,1.0,6.0,7.0,13.0,0.0,0.0,5.0,2.0,25.0,19.7,-15.0,0,1.098,1.158,0.136,13.2,0
294,0,11.0,24.0,0.458,5.0,-9,13.0,0.385,8.0,8.0,1.0,0.0,3.0,3.0,7.0,0.0,1.0,4.0,2.0,35.0,24.3,-10.0,0,1.042,1.112,0.147,11.4,1
295,1,8.0,21.0,0.381,6.0,12,15.0,0.4,1.0,2.0,0.5,0.0,4.0,4.0,10.0,3.0,0.0,3.0,3.0,23.0,18.1,3.0,0,1.098,1.147,0.145,14.5,0
296,1,6.0,17.0,0.353,3.0,2,10.0,0.3,7.0,8.0,0.875,0.0,5.0,5.0,6.0,2.0,0.0,5.0,1.0,22.0,14.4,6.0,0,1.068,1.112,0.142,12.4,0
297,1,13.0,26.0,0.5,8.0,4,15.0,0.533,10.0,10.0,1.0,0.0,1.0,1.0,7.0,0.0,1.0,0.0,0.0,44.0,36.9,6.0,0,1.138,1.172,0.133,12.4,1
298,0,10.0,23.0,0.435,5.0,-6,12.0,0.417,5.0,5.0,1.0,1.0,6.0,7.0,8.0,2.0,0.0,5.0,1.0,30.0,22.6,-6.0,0,1.079,1.115,0.131,11.6,1
299,1,7.0,19.0,0.368,3.0,4,10.0,0.3,8.0,9.0,0.889,0.0,5.0,5.0,10.0,0.0,0.0,2.0,1.0,25.0,20.2,-3.0,0,1.113,1.172,0.145,13.1,0
300,0,12.0,21.0,0.571,6.0,-2,13.0,0.462,8.0,9.0,0.889,2.0,5.0,7.0,4.0,0.0,1.0,5.0,5.0,38.0,27.1,-2.0,0,1.113,1.172,0.145,13.1,1
301,1,13.0,20.0,0.65,6.0,1,13.0,0.462,18.0,18.0,1.0,1.0,5.0,6.0,10.0,0.0,0.0,4.0,3.0,50.0,45.2,9.0,0,1.104,1.157,0.128,14.5,1
302,1,12.0,22.0,0.545,6.0,8,15.0,0.4,6.0,6.0,1.0,1.0,5.0,6.0,0.0,0.0,0.0,7.0,0.0,36.0,20.6,0.0,0,1.104,1.157,0.128,14.5,1
303,1,10.0,19.0,0.526,4.0,6,10.0,0.4,7.0,7.0,1.0,0.0,3.0,3.0,6.0,0.0,0.0,1.0,1.0,31.0,25.4,0.0,0,1.103,1.135,0.125,12.9,1
304,0,7.0,16.0,0.438,0.0,-40,7.0,0.0,5.0,5.0,1.0,0.0,1.0,1.0,4.0,1.0,0.0,0.0,2.0,19.0,13.9,-29.0,0,1.103,1.135,0.125,12.9,0
305,0,5.0,17.0,0.294,3.0,-4,14.0,0.214,9.0,9.0,1.0,0.0,3.0,3.0,9.0,0.0,0.0,3.0,0.0,22.0,16.3,7.0,0,1.1,1.113,0.123,12.9,0
306,1,6.0,19.0,0.316,2.0,3,8.0,0.25,8.0,8.0,1.0,0.0,3.0,3.0,9.0,0.0,1.0,2.0,3.0,22.0,15.8,10.0,0,1.083,1.14,0.15,14.2,0
307,1,,,,,7,,,,,,,,,,,,,,,,,0,1.113,1.146,0.125,13.7,0
308,1,7.0,21.0,0.333,2.0,5,7.0,0.286,6.0,6.0,1.0,1.0,2.0,3.0,11.0,0.0,0.0,2.0,1.0,22.0,16.7,-2.0,0,1.089,1.158,0.157,13.9,0
309,1,9.0,19.0,0.474,5.0,23,7.0,0.714,10.0,11.0,0.909,1.0,3.0,4.0,10.0,1.0,0.0,2.0,2.0,33.0,29.7,16.0,0,1.092,1.139,0.137,11.3,1
310,0,10.0,19.0,0.526,5.0,-18,10.0,0.5,7.0,10.0,0.7,1.0,3.0,4.0,5.0,3.0,1.0,3.0,1.0,32.0,26.9,-27.0,0,1.075,1.118,0.126,14.2,1
311,1,6.0,15.0,0.4,3.0,48,7.0,0.429,1.0,1.0,1.0,1.0,2.0,3.0,6.0,3.0,0.0,3.0,1.0,16.0,13.0,42.0,0,1.11,1.144,0.126,13.6,0
312,0,2.0,14.0,0.143,1.0,-17,6.0,0.167,6.0,7.0,0.857,2.0,2.0,4.0,6.0,0.0,1.0,2.0,3.0,11.0,5.3,-13.0,0,1.089,1.124,0.127,12.1,0
313,0,8.0,21.0,0.381,3.0,-19,12.0,0.25,4.0,6.0,0.667,0.0,5.0,5.0,6.0,0.0,0.0,2.0,3.0,23.0,13.2,-16.0,0,1.068,1.083,0.112,11.2,0
314,1,9.0,20.0,0.45,4.0,15,8.0,0.5,5.0,6.0,0.833,0.0,3.0,3.0,10.0,0.0,0.0,1.0,1.0,27.0,22.7,20.0,0,1.092,1.139,0.137,11.3,0
315,0,3.0,10.0,0.3,3.0,-9,8.0,0.375,3.0,4.0,0.75,0.0,1.0,1.0,3.0,1.0,1.0,5.0,1.0,12.0,4.5,-10.0,0,1.083,1.14,0.15,14.2,0
316,0,9.0,23.0,0.391,5.0,-1,13.0,0.385,5.0,6.0,0.833,0.0,5.0,5.0,10.0,0.0,0.0,5.0,3.0,28.0,17.4,2.0,0,1.097,1.15,0.137,12.8,1
317,1,,,,,1,,,,,,,,,,,,,,,,,0,1.095,1.13,0.128,12.2,0
318,0,,,,,-8,,,,,,,,,,,,,,,,,0,1.098,1.147,0.145,14.5,0
319,0,,,,,-1,,,,,,,,,,,,,,,,,0,1.089,1.124,0.127,12.1,0
320,0,9.0,23.0,0.391,2.0,-1,10.0,0.2,2.0,2.0,1.0,0.0,4.0,4.0,5.0,2.0,0.0,2.0,0.0,22.0,14.2,-5.0,0,1.098,1.158,0.136,13.2,0
321,0,8.0,22.0,0.364,3.0,-2,11.0,0.273,8.0,10.0,0.8,0.0,3.0,3.0,5.0,1.0,0.0,4.0,1.0,27.0,15.0,-5.0,0,1.083,1.135,0.142,13.0,0
322,0,8.0,27.0,0.296,4.0,-7,10.0,0.4,3.0,3.0,1.0,2.0,4.0,6.0,5.0,1.0,1.0,1.0,3.0,23.0,12.9,-10.0,0,1.083,1.135,0.142,13.0,0
323,1,6.0,14.0,0.429,4.0,21,8.0,0.5,7.0,7.0,1.0,0.0,4.0,4.0,6.0,1.0,0.0,3.0,1.0,23.0,18.6,32.0,0,1.091,1.128,0.14,11.5,0
324,1,6.0,15.0,0.4,2.0,21,9.0,0.222,9.0,9.0,1.0,0.0,3.0,3.0,5.0,2.0,0.0,3.0,2.0,23.0,17.5,15.0,0,1.083,1.135,0.142,13.0,0
325,1,12.0,22.0,0.545,8.0,19,13.0,0.615,0.0,0.0,,1.0,6.0,7.0,9.0,1.0,0.0,1.0,1.0,32.0,29.8,17.0,0,1.1,1.113,0.123,12.9,1
326,1,8.0,18.0,0.444,3.0,10,9.0,0.333,7.0,7.0,1.0,0.0,6.0,6.0,13.0,1.0,1.0,5.0,3.0,26.0,23.0,17.0,0,1.097,1.15,0.137,12.8,0
327,0,11.0,19.0,0.579,6.0,-9,11.0,0.545,5.0,6.0,0.833,0.0,2.0,2.0,8.0,2.0,0.0,3.0,0.0,33.0,28.9,-13.0,0,1.094,1.118,0.123,11.7,1
328,1,10.0,17.0,0.588,6.0,36,10.0,0.6,6.0,7.0,0.857,0.0,3.0,3.0,9.0,2.0,0.0,2.0,1.0,32.0,30.5,14.0,0,1.11,1.164,0.142,12.4,1
329,1,12.0,18.0,0.667,5.0,5,9.0,0.556,9.0,9.0,1.0,0.0,4.0,4.0,7.0,2.0,0.0,4.0,0.0,38.0,34.3,8.0,0,1.042,1.112,0.147,11.4,1
330,1,8.0,17.0,0.471,4.0,22,9.0,0.444,10.0,10.0,1.0,1.0,3.0,4.0,8.0,0.0,0.0,0.0,1.0,30.0,28.1,17.0,0,1.095,1.13,0.128,12.2,1
331,1,11.0,20.0,0.55,6.0,11,11.0,0.545,6.0,6.0,1.0,2.0,7.0,9.0,6.0,0.0,0.0,2.0,1.0,34.0,29.7,19.0,0,1.116,1.169,0.14,13.4,1
332,1,10.0,20.0,0.5,3.0,7,9.0,0.333,7.0,8.0,0.875,0.0,2.0,2.0,6.0,0.0,1.0,1.0,1.0,30.0,23.7,5.0,0,1.068,1.083,0.112,11.2,1
333,0,16.0,23.0,0.696,2.0,-1,6.0,0.333,7.0,8.0,0.875,0.0,5.0,5.0,5.0,1.0,0.0,3.0,0.0,41.0,33.9,-2.0,0,1.079,1.115,0.131,11.6,1
334,1,7.0,13.0,0.538,5.0,16,9.0,0.556,3.0,3.0,1.0,0.0,3.0,3.0,10.0,0.0,0.0,4.0,2.0,22.0,18.8,24.0,0,1.098,1.158,0.136,13.2,0
335,1,10.0,25.0,0.4,5.0,14,12.0,0.417,9.0,9.0,1.0,0.0,2.0,2.0,13.0,0.0,0.0,2.0,2.0,34.0,27.4,25.0,1,1.098,1.158,0.136,13.2,1
336,0,11.0,24.0,0.458,9.0,-19,16.0,0.563,11.0,13.0,0.846,0.0,4.0,4.0,10.0,0.0,1.0,3.0,1.0,42.0,34.3,-16.0,1,1.098,1.158,0.136,13.2,1
337,0,15.0,31.0,0.484,5.0,-5,16.0,0.313,2.0,2.0,1.0,0.0,2.0,2.0,5.0,2.0,0.0,1.0,3.0,37.0,25.2,-6.0,1,1.098,1.158,0.136,13.2,1
338,1,1.0,10.0,0.1,1.0,20,6.0,0.167,7.0,7.0,1.0,0.0,8.0,8.0,10.0,1.0,0.0,1.0,2.0,10.0,12.0,33.0,1,1.098,1.158,0.136,13.2,0
339,0,17.0,24.0,0.708,12.0,-7,17.0,0.706,9.0,10.0,0.9,1.0,5.0,6.0,10.0,1.0,3.0,1.0,0.0,55.0,55.9,2.0,1,1.098,1.158,0.136,13.2,1
340,0,8.0,20.0,0.4,3.0,-11,11.0,0.273,9.0,9.0,1.0,0.0,4.0,4.0,13.0,2.0,0.0,5.0,1.0,28.0,24.1,-11.0,1,1.098,1.158,0.136,13.2,1
